Type,TradePrice,UnitPrice,Area,Municipality,NearestStation,TimeToNearestStation,FloorPlan,BuildingYear,Structure,Prefecture,Period,CityPlanning,Railway
中古マンション等,14573734,891359,16.35,渋谷区,恵比寿,4,１Ｒ,2002年,SRC,東京都,2025年第3四半期,商業地域,JR山手線
中古マンション等,21252035,1115007,19.06,渋谷区,渋谷,10,１Ｋ,2017年,RC,東京都,2025年第3四半期,商業地域,JR山手線
中古マンション等,10505452,528177,19.89,中央区,人形町,13,１Ｋ,1985年,RC,東京都,2024年第4四半期,準工業地域,東京メトロ日比谷線
中古マンション等,5798010,332645,17.43,北区,赤羽,2,１Ｋ,2009年,鉄骨造,東京都,2025年第1四半期,準工業地域,JR京浜東北線
中古マンション等,12928088,549897,23.51,品川区,五反田,2,１Ｒ,2009年,鉄骨造,東京都,2024年第4四半期,準工業地域,JR山手線
中古マンション等,17570745,695595,25.26,新宿区,高田馬場,2,１Ｒ,2003年,SRC,東京都,2025年第3四半期,商業地域,JR山手線
中古マンション等,9125467,499204,18.28,台東区,上野,4,１Ｒ,2007年,SRC,東京都,2024年第3四半期,準工業地域,JR山手線
中古マンション等,6887884,376592,18.29,杉並区,荻窪,5,１Ｒ,2009年,RC,東京都,2025年第2四半期,準工業地域,JR中央線
中古マンション等,7058537,367440,19.21,新宿区,高田馬場,13,１Ｋ,1987年,鉄骨造,東京都,2024年第4四半期,準工業地域,JR山手線
中古マンション等,18321861,645363,28.39,墨田区,錦糸町,3,１Ｋ,2014年,RC,東京都,2025年第1四半期,準工業地域,JR総武線
中古マンション等,16467720,576399,28.57,江東区,門前仲町,6,１Ｋ,2010年,SRC,東京都,2024年第1四半期,準工業地域,東京メトロ東西線
中古マンション等,21910022,884181,24.78,豊島区,池袋,10,１Ｋ,2012年,軽量鉄骨造,東京都,2025年第4四半期,準工業地域,JR山手線
中古マンション等,9181354,327321,28.05,文京区,茗荷谷,11,１Ｋ,1985年,鉄骨造,東京都,2025年第2四半期,商業地域,東京メトロ丸ノ内線
中古マンション等,5463000,300000,18.21,江東区,門前仲町,12,１Ｒ,1985年,鉄骨造,東京都,2024年第3四半期,準工業地域,東京メトロ東西線
中古マンション等,18322192,649953,28.19,渋谷区,恵比寿,14,１Ｋ,2004年,RC,東京都,2024年第1四半期,準工業地域,JR山手線
中古マンション等,6768144,415989,16.27,品川区,大井町,15,１Ｒ,2008年,鉄骨造,東京都,2024年第4四半期,商業地域,JR京浜東北線
中古マンション等,14989079,512272,29.26,中央区,人形町,12,１Ｒ,1990年,RC,東京都,2024年第3四半期,準工業地域,東京メトロ日比谷線
中古マンション等,12987824,709329,18.31,文京区,茗荷谷,14,１Ｒ,2018年,RC,東京都,2024年第4四半期,準工業地域,東京メトロ丸ノ内線
中古マンション等,15399194,514506,29.93,墨田区,錦糸町,8,１Ｋ,2008年,SRC,東京都,2025年第2四半期,商業地域,JR総武線
中古マンション等,11692822,608367,19.22,文京区,茗荷谷,1,１Ｋ,1999年,SRC,東京都,2024年第4四半期,商業地域,東京メトロ丸ノ内線
中古マンション等,13852333,494196,28.03,新宿区,高田馬場,9,１Ｋ,1989年,RC,東京都,2025年第4四半期,商業地域,JR山手線
中古マンション等,19991158,732276,27.3,品川区,大井町,2,１Ｋ,1997年,軽量鉄骨造,東京都,2025年第2四半期,準工業地域,JR京浜東北線
中古マンション等,8427000,300000,28.09,品川区,五反田,11,１Ｋ,1988年,鉄骨造,東京都,2024年第2四半期,商業地域,JR山手線
中古マンション等,7053000,300000,23.51,中野区,中野,7,１Ｋ,1993年,軽量鉄骨造,東京都,2024年第4四半期,準工業地域,JR中央線
中古マンション等,32666342,1471456,22.2,渋谷区,渋谷,2,１Ｒ,2020年,SRC,東京都,2024年第4四半期,商業地域,JR山手線
中古マンション等,15097619,663923,22.74,品川区,大井町,15,１Ｋ,2010年,軽量鉄骨造,東京都,2024年第1四半期,準工業地域,JR京浜東北線
中古マンション等,10158714,350663,28.97,杉並区,高円寺,5,１Ｒ,2014年,軽量鉄骨造,東京都,2024年第3四半期,商業地域,JR中央線
中古マンション等,24529333,829815,29.56,中野区,中野,1,１Ｒ,2019年,SRC,東京都,2024年第1四半期,準工業地域,JR中央線
中古マンション等,19127820,662550,28.87,大田区,蒲田,3,１Ｒ,2018年,SRC,東京都,2024年第2四半期,準工業地域,JR京浜東北線
中古マンション等,8046331,371655,21.65,杉並区,荻窪,10,１Ｋ,2000年,SRC,東京都,2025年第3四半期,準工業地域,JR中央線
中古マンション等,17723870,760028,23.32,中央区,人形町,4,１Ｋ,2001年,RC,東京都,2025年第1四半期,準工業地域,東京メトロ日比谷線
中古マンション等,11064614,685964,16.13,渋谷区,渋谷,2,１Ｋ,1991年,鉄骨造,東京都,2024年第3四半期,準工業地域,JR山手線
中古マンション等,29010872,1024757,28.31,渋谷区,渋谷,5,１Ｒ,2008年,SRC,東京都,2025年第1四半期,準工業地域,JR山手線
中古マンション等,26220137,899490,29.15,渋谷区,恵比寿,5,１Ｋ,1993年,SRC,東京都,2024年第3四半期,商業地域,JR山手線
中古マンション等,17757482,937070,18.95,港区,田町,4,１Ｋ,2006年,鉄骨造,東京都,2024年第1四半期,商業地域,JR山手線
中古マンション等,8283000,300000,27.61,江東区,門前仲町,1,１Ｋ,1987年,RC,東京都,2025年第1四半期,商業地域,東京メトロ東西線
中古マンション等,16567965,698480,23.72,品川区,五反田,9,１Ｒ,2012年,RC,東京都,2024年第1四半期,準工業地域,JR山手線
中古マンション等,22586275,951401,23.74,中央区,人形町,3,１Ｋ,2012年,鉄骨造,東京都,2024年第1四半期,準工業地域,東京メトロ日比谷線
中古マンション等,8713910,341053,25.55,中野区,中野,6,１Ｋ,1991年,RC,東京都,2024年第4四半期,準工業地域,JR中央線
中古マンション等,8502000,300000,28.34,豊島区,大塚,3,１Ｒ,1986年,鉄骨造,東京都,2025年第3四半期,準工業地域,JR山手線
中古マンション等,7981856,404349,19.74,杉並区,荻窪,7,１Ｋ,1991年,軽量鉄骨造,東京都,2025年第2四半期,商業地域,JR中央線
中古マンション等,5736000,300000,19.12,杉並区,荻窪,7,１Ｋ,1997年,SRC,東京都,2025年第1四半期,商業地域,JR中央線
中古マンション等,12181186,563943,21.6,大田区,蒲田,6,１Ｒ,2019年,RC,東京都,2025年第1四半期,商業地域,JR京浜東北線
中古マンション等,20679119,936554,22.08,港区,田町,7,１Ｒ,2005年,SRC,東京都,2025年第3四半期,準工業地域,JR山手線
中古マンション等,8790262,449170,19.57,中野区,中野,1,１Ｒ,2012年,RC,東京都,2025年第2四半期,準工業地域,JR中央線
中古マンション等,7415999,300000,24.72,北区,赤羽,12,１Ｒ,1992年,鉄骨造,東京都,2025年第3四半期,商業地域,JR京浜東北線
中古マンション等,7128000,300000,23.76,板橋区,板橋,7,１Ｒ,1997年,RC,東京都,2025年第1四半期,準工業地域,JR埼京線
中古マンション等,10873864,536980,20.25,新宿区,新宿,7,１Ｒ,1998年,鉄骨造,東京都,2025年第4四半期,準工業地域,JR山手線
中古マンション等,8770523,378692,23.16,中野区,中野,11,１Ｒ,1995年,鉄骨造,東京都,2024年第2四半期,準工業地域,JR中央線
中古マンション等,8493941,334144,25.42,杉並区,荻窪,13,１Ｋ,1999年,SRC,東京都,2024年第1四半期,商業地域,JR中央線
中古マンション等,7368000,300000,24.56,品川区,大井町,8,１Ｋ,1989年,軽量鉄骨造,東京都,2025年第4四半期,商業地域,JR京浜東北線
中古マンション等,7554000,300000,25.18,豊島区,池袋,15,１Ｒ,1985年,SRC,東京都,2025年第3四半期,商業地域,JR山手線
中古マンション等,13594070,604180,22.5,大田区,蒲田,4,１Ｋ,2020年,軽量鉄骨造,東京都,2025年第2四半期,準工業地域,JR京浜東北線
中古マンション等,17790724,723788,24.58,品川区,五反田,7,１Ｒ,2017年,軽量鉄骨造,東京都,2024年第3四半期,準工業地域,JR山手線
中古マンション等,7347225,329472,22.3,品川区,大井町,14,１Ｋ,2000年,RC,東京都,2025年第1四半期,準工業地域,JR京浜東北線
中古マンション等,5784000,300000,19.28,板橋区,板橋,6,１Ｒ,2006年,SRC,東京都,2024年第3四半期,商業地域,JR埼京線
中古マンション等,8201551,318878,25.72,墨田区,錦糸町,2,１Ｋ,1998年,SRC,東京都,2024年第4四半期,準工業地域,JR総武線
中古マンション等,8601000,300000,28.67,墨田区,錦糸町,14,１Ｒ,1986年,軽量鉄骨造,東京都,2025年第4四半期,商業地域,JR総武線
中古マンション等,12021011,595689,20.18,台東区,上野,14,１Ｋ,2009年,RC,東京都,2025年第4四半期,商業地域,JR山手線
中古マンション等,8626719,378364,22.8,江東区,門前仲町,6,１Ｒ,2009年,軽量鉄骨造,東京都,2024年第3四半期,準工業地域,東京メトロ東西線
中古マンション等,26002911,874635,29.73,豊島区,池袋,1,１Ｒ,2019年,SRC,東京都,2025年第3四半期,商業地域,JR山手線
中古マンション等,8956570,483094,18.54,品川区,五反田,7,１Ｋ,2001年,軽量鉄骨造,東京都,2025年第2四半期,商業地域,JR山手線
中古マンション等,11230214,564332,19.9,墨田区,錦糸町,5,１Ｒ,2011年,SRC,東京都,2025年第2四半期,商業地域,JR総武線
中古マンション等,12175055,451932,26.94,渋谷区,渋谷,13,１Ｋ,1987年,RC,東京都,2024年第4四半期,準工業地域,JR山手線
中古マンション等,13299174,733545,18.13,港区,田町,8,１Ｋ,1993年,鉄骨造,東京都,2025年第2四半期,商業地域,JR山手線
中古マンション等,17585021,596304,29.49,港区,田町,13,１Ｒ,1992年,鉄骨造,東京都,2024年第2四半期,準工業地域,JR山手線
中古マンション等,9986007,415046,24.06,板橋区,板橋,7,１Ｋ,2009年,RC,東京都,2024年第2四半期,準工業地域,JR埼京線
中古マンション等,8370000,300000,27.9,板橋区,板橋,13,１Ｒ,1992年,SRC,東京都,2025年第2四半期,準工業地域,JR埼京線
中古マンション等,12148220,715864,16.97,台東区,上野,1,１Ｋ,2006年,鉄骨造,東京都,2025年第4四半期,準工業地域,JR山手線
中古マンション等,7024466,380317,18.47,江東区,門前仲町,11,１Ｋ,2018年,軽量鉄骨造,東京都,2025年第4四半期,準工業地域,東京メトロ東西線
中古マンション等,14111493,714144,19.76,中央区,人形町,14,１Ｋ,2000年,軽量鉄骨造,東京都,2025年第3四半期,商業地域,東京メトロ日比谷線
中古マンション等,12551280,449705,27.91,品川区,大井町,8,１Ｋ,1996年,鉄骨造,東京都,2025年第2四半期,商業地域,JR京浜東北線
中古マンション等,29221063,1131722,25.82,港区,田町,9,１Ｋ,2002年,軽量鉄骨造,東京都,2025年第4四半期,準工業地域,JR山手線
中古マンション等,14567780,567502,25.67,杉並区,荻窪,8,１Ｒ,2016年,SRC,東京都,2025年第1四半期,商業地域,JR中央線
中古マンション等,7494048,369346,20.29,杉並区,荻窪,8,１Ｒ,2008年,鉄骨造,東京都,2025年第2四半期,準工業地域,JR中央線
中古マンション等,8273022,407738,20.29,杉並区,高円寺,2,１Ｒ,1999年,鉄骨造,東京都,2024年第2四半期,準工業地域,JR中央線
中古マンション等,11421374,611422,18.68,豊島区,大塚,5,１Ｋ,2015年,鉄骨造,東京都,2024年第2四半期,準工業地域,JR山手線
中古マンション等,5754000,300000,19.18,板橋区,板橋,5,１Ｋ,1996年,RC,東京都,2025年第1四半期,商業地域,JR埼京線
中古マンション等,13768316,579718,23.75,新宿区,高田馬場,11,１Ｒ,1993年,鉄骨造,東京都,2025年第4四半期,準工業地域,JR山手線
中古マンション等,5574000,300000,18.58,北区,赤羽,5,１Ｒ,1988年,軽量鉄骨造,東京都,2024年第2四半期,準工業地域,JR京浜東北線
中古マンション等,7713726,337138,22.88,墨田区,錦糸町,3,１Ｋ,1988年,RC,東京都,2024年第2四半期,準工業地域,JR総武線
中古マンション等,9225188,376692,24.49,江東区,門前仲町,13,１Ｋ,1999年,軽量鉄骨造,東京都,2025年第4四半期,商業地域,東京メトロ東西線
中古マンション等,19367846,648621,29.86,中央区,人形町,10,１Ｒ,2004年,RC,東京都,2024年第4四半期,商業地域,東京メトロ日比谷線
中古マンション等,11328828,622463,18.2,渋谷区,渋谷,9,１Ｋ,1996年,SRC,東京都,2025年第3四半期,準工業地域,JR山手線
中古マンション等,17266205,764668,22.58,港区,田町,4,１Ｒ,1987年,SRC,東京都,2024年第4四半期,準工業地域,JR山手線
中古マンション等,19909831,788196,25.26,中央区,人形町,7,１Ｋ,1997年,RC,東京都,2024年第3四半期,準工業地域,東京メトロ日比谷線
中古マンション等,5100000,300000,17.0,豊島区,池袋,13,１Ｋ,1995年,鉄骨造,東京都,2025年第4四半期,商業地域,JR山手線
中古マンション等,10177749,394486,25.8,板橋区,板橋,9,１Ｋ,2002年,軽量鉄骨造,東京都,2024年第2四半期,準工業地域,JR埼京線
中古マンション等,18177940,691702,26.28,江東区,門前仲町,1,１Ｒ,2001年,SRC,東京都,2025年第1四半期,準工業地域,東京メトロ東西線
中古マンション等,14000799,619778,22.59,豊島区,大塚,15,１Ｋ,2013年,軽量鉄骨造,東京都,2025年第4四半期,準工業地域,JR山手線
中古マンション等,11207299,537005,20.87,品川区,大井町,6,１Ｋ,2006年,軽量鉄骨造,東京都,2025年第1四半期,準工業地域,JR京浜東北線
中古マンション等,13745981,501861,27.39,墨田区,錦糸町,1,１Ｋ,2020年,鉄骨造,東京都,2025年第1四半期,商業地域,JR総武線
中古マンション等,8433000,300000,28.11,墨田区,錦糸町,11,１Ｋ,1985年,鉄骨造,東京都,2025年第4四半期,準工業地域,JR総武線
中古マンション等,16277594,863532,18.85,新宿区,高田馬場,3,１Ｒ,2020年,軽量鉄骨造,東京都,2025年第4四半期,商業地域,JR山手線
中古マンション等,20246853,744643,27.19,港区,田町,5,１Ｋ,1995年,SRC,東京都,2025年第4四半期,準工業地域,JR山手線
中古マンション等,9449171,411191,22.98,豊島区,池袋,9,１Ｒ,2003年,軽量鉄骨造,東京都,2025年第4四半期,準工業地域,JR山手線
中古マンション等,7891724,352309,22.4,杉並区,荻窪,7,１Ｒ,1994年,RC,東京都,2024年第2四半期,商業地域,JR中央線
中古マンション等,15257555,734949,20.76,江東区,門前仲町,5,１Ｒ,2017年,鉄骨造,東京都,2025年第1四半期,準工業地域,東京メトロ東西線
中古マンション等,27161595,905990,29.98,中央区,人形町,14,１Ｋ,2016年,軽量鉄骨造,東京都,2025年第4四半期,準工業地域,東京メトロ日比谷線
中古マンション等,13377661,449971,29.73,中野区,中野,10,１Ｋ,2000年,軽量鉄骨造,東京都,2024年第1四半期,商業地域,JR中央線
中古マンション等,21468217,829849,25.87,品川区,大井町,7,１Ｒ,2009年,RC,東京都,2025年第4四半期,準工業地域,JR京浜東北線
中古マンション等,9191343,399103,23.03,豊島区,池袋,14,１Ｋ,2006年,軽量鉄骨造,東京都,2024年第2四半期,準工業地域,JR山手線
中古マンション等,10623625,655374,16.21,品川区,五反田,7,１Ｋ,1994年,鉄骨造,東京都,2025年第2四半期,準工業地域,JR山手線
中古マンション等,7530000,300000,25.1,墨田区,錦糸町,14,１Ｒ,2006年,軽量鉄骨造,東京都,2025年第2四半期,準工業地域,JR総武線
中古マンション等,13325995,472385,28.21,品川区,大井町,10,１Ｒ,1987年,RC,東京都,2024年第2四半期,準工業地域,JR京浜東北線
中古マンション等,19477546,730864,26.65,渋谷区,恵比寿,8,１Ｋ,1991年,鉄骨造,東京都,2024年第1四半期,商業地域,JR山手線
中古マンション等,16411601,816091,20.11,新宿区,高田馬場,7,１Ｋ,2008年,RC,東京都,2024年第3四半期,商業地域,JR山手線
中古マンション等,27556469,977526,28.19,港区,田町,8,１Ｒ,2000年,RC,東京都,2024年第4四半期,準工業地域,JR山手線
中古マンション等,6729000,300000,22.43,杉並区,高円寺,15,１Ｒ,1985年,RC,東京都,2024年第2四半期,準工業地域,JR中央線
中古マンション等,8949000,300000,29.83,台東区,上野,11,１Ｒ,2004年,鉄骨造,東京都,2025年第4四半期,準工業地域,JR山手線
中古マンション等,19807213,660460,29.99,中野区,中野,2,１Ｋ,2015年,鉄骨造,東京都,2024年第1四半期,準工業地域,JR中央線
中古マンション等,5952000,300000,19.84,墨田区,錦糸町,15,１Ｒ,1988年,軽量鉄骨造,東京都,2025年第1四半期,準工業地域,JR総武線
中古マンション等,10117517,412959,24.5,杉並区,荻窪,4,１Ｒ,2007年,RC,東京都,2024年第2四半期,準工業地域,JR中央線
中古マンション等,15971133,785594,20.33,新宿区,高田馬場,1,１Ｋ,2013年,RC,東京都,2024年第2四半期,準工業地域,JR山手線
中古マンション等,9948937,375999,26.46,北区,赤羽,4,１Ｒ,1996年,鉄骨造,東京都,2024年第3四半期,商業地域,JR京浜東北線
中古マンション等,17662508,597918,29.54,品川区,大井町,12,１Ｒ,2003年,SRC,東京都,2025年第4四半期,準工業地域,JR京浜東北線
中古マンション等,7968000,300000,26.56,豊島区,池袋,14,１Ｋ,1999年,鉄骨造,東京都,2024年第2四半期,準工業地域,JR山手線
中古マンション等,7879213,399960,19.7,新宿区,新宿,8,１Ｋ,1992年,鉄骨造,東京都,2025年第3四半期,準工業地域,JR山手線
中古マンション等,10916730,623101,17.52,台東区,上野,8,１Ｋ,1999年,RC,東京都,2024年第2四半期,準工業地域,JR山手線
中古マンション等,16247314,565517,28.73,品川区,五反田,11,１Ｋ,2004年,RC,東京都,2024年第1四半期,準工業地域,JR山手線
中古マンション等,8982000,300000,29.94,板橋区,板橋,2,１Ｋ,1992年,鉄骨造,東京都,2025年第3四半期,準工業地域,JR埼京線
中古マンション等,10099840,355628,28.4,豊島区,池袋,14,１Ｋ,1991年,軽量鉄骨造,東京都,2025年第1四半期,商業地域,JR山手線
中古マンション等,12835651,674141,19.04,台東区,上野,4,１Ｒ,2013年,鉄骨造,東京都,2024年第1四半期,商業地域,JR山手線
中古マンション等,17787075,601931,29.55,中野区,中野,2,１Ｒ,2014年,SRC,東京都,2024年第1四半期,準工業地域,JR中央線
中古マンション等,14535369,487110,29.84,杉並区,荻窪,2,１Ｋ,1998年,RC,東京都,2025年第2四半期,準工業地域,JR中央線
中古マンション等,12375483,771538,16.04,港区,田町,3,１Ｋ,1994年,RC,東京都,2024年第2四半期,準工業地域,JR山手線
中古マンション等,11975258,670882,17.85,新宿区,新宿,13,１Ｋ,2007年,鉄骨造,東京都,2024年第1四半期,商業地域,JR山手線
中古マンション等,7011000,300000,23.37,江東区,門前仲町,8,１Ｋ,1989年,鉄骨造,東京都,2024年第2四半期,準工業地域,東京メトロ東西線
中古マンション等,8772000,300000,29.24,杉並区,荻窪,12,１Ｋ,1987年,軽量鉄骨造,東京都,2024年第1四半期,商業地域,JR中央線
中古マンション等,12049454,432500,27.86,品川区,大井町,11,１Ｋ,2012年,軽量鉄骨造,東京都,2024年第2四半期,準工業地域,JR京浜東北線
中古マンション等,7356000,300000,24.52,北区,赤羽,3,１Ｋ,1989年,鉄骨造,東京都,2025年第3四半期,準工業地域,JR京浜東北線
中古マンション等,11551794,573859,20.13,大田区,蒲田,10,１Ｋ,2017年,SRC,東京都,2024年第4四半期,準工業地域,JR京浜東北線
中古マンション等,10990484,504382,21.79,杉並区,荻窪,7,１Ｋ,2014年,鉄骨造,東京都,2025年第2四半期,準工業地域,JR中央線
中古マンション等,8851415,522515,16.94,品川区,大井町,2,１Ｋ,1990年,鉄骨造,東京都,2024年第3四半期,準工業地域,JR京浜東北線
中古マンション等,27933859,950454,29.39,中央区,人形町,6,１Ｒ,2020年,軽量鉄骨造,東京都,2024年第1四半期,準工業地域,東京メトロ日比谷線
中古マンション等,13278375,651859,20.37,港区,田町,10,１Ｋ,1991年,RC,東京都,2025年第4四半期,商業地域,JR山手線
中古マンション等,23212697,1110655,20.9,渋谷区,恵比寿,6,１Ｋ,2020年,軽量鉄骨造,東京都,2024年第1四半期,準工業地域,JR山手線
中古マンション等,6193089,377397,16.41,杉並区,高円寺,12,１Ｒ,2002年,鉄骨造,東京都,2025年第2四半期,商業地域,JR中央線
中古マンション等,17444556,728982,23.93,豊島区,池袋,2,１Ｋ,2010年,RC,東京都,2025年第3四半期,準工業地域,JR山手線
中古マンション等,6882850,378178,18.2,北区,赤羽,12,１Ｋ,2004年,SRC,東京都,2024年第1四半期,商業地域,JR京浜東北線
中古マンション等,11800193,706598,16.7,港区,田町,5,１Ｒ,1990年,軽量鉄骨造,東京都,2025年第1四半期,商業地域,JR山手線
中古マンション等,9335899,530750,17.59,大田区,蒲田,2,１Ｋ,2012年,軽量鉄骨造,東京都,2025年第1四半期,商業地域,JR京浜東北線
中古マンション等,10694057,359102,29.78,墨田区,錦糸町,1,１Ｒ,1988年,鉄骨造,東京都,2025年第1四半期,商業地域,JR総武線
中古マンション等,24803145,1080276,22.96,新宿区,新宿,3,１Ｋ,2012年,RC,東京都,2025年第2四半期,商業地域,JR山手線
中古マンション等,17013550,769495,22.11,新宿区,高田馬場,15,１Ｋ,2014年,軽量鉄骨造,東京都,2025年第3四半期,商業地域,JR山手線
中古マンション等,8238273,505725,16.29,墨田区,錦糸町,3,１Ｒ,2005年,軽量鉄骨造,東京都,2025年第2四半期,商業地域,JR総武線
中古マンション等,20633058,1063011,19.41,渋谷区,恵比寿,9,１Ｒ,2010年,RC,東京都,2025年第2四半期,準工業地域,JR山手線
中古マンション等,17707466,764901,23.15,渋谷区,渋谷,9,１Ｋ,1992年,鉄骨造,東京都,2025年第2四半期,準工業地域,JR山手線
中古マンション等,8634997,447177,19.31,豊島区,池袋,5,１Ｒ,1994年,SRC,東京都,2024年第3四半期,準工業地域,JR山手線
中古マンション等,17312193,769430,22.5,品川区,大井町,11,１Ｒ,2013年,鉄骨造,東京都,2025年第2四半期,商業地域,JR京浜東北線
中古マンション等,16869230,747749,22.56,渋谷区,渋谷,13,１Ｋ,2004年,鉄骨造,東京都,2025年第4四半期,準工業地域,JR山手線
中古マンション等,16707842,789595,21.16,新宿区,高田馬場,2,１Ｒ,2003年,SRC,東京都,2025年第3四半期,準工業地域,JR山手線
中古マンション等,15664377,533527,29.36,文京区,茗荷谷,8,１Ｋ,1987年,軽量鉄骨造,東京都,2024年第3四半期,準工業地域,東京メトロ丸ノ内線
中古マンション等,8228912,471570,17.45,品川区,五反田,12,１Ｋ,2006年,RC,東京都,2024年第1四半期,商業地域,JR山手線
中古マンション等,19643535,657634,29.87,品川区,五反田,9,１Ｒ,2018年,軽量鉄骨造,東京都,2025年第3四半期,準工業地域,JR山手線
中古マンション等,16419784,981457,16.73,港区,田町,2,１Ｋ,2006年,軽量鉄骨造,東京都,2025年第1四半期,商業地域,JR山手線
中古マンション等,28062647,994071,28.23,港区,田町,2,１Ｋ,2006年,軽量鉄骨造,東京都,2024年第3四半期,準工業地域,JR山手線
中古マンション等,16580468,815566,20.33,渋谷区,渋谷,11,１Ｒ,2009年,RC,東京都,2024年第2四半期,準工業地域,JR山手線
中古マンション等,6936000,300000,23.12,江東区,門前仲町,6,１Ｋ,1986年,軽量鉄骨造,東京都,2024年第4四半期,商業地域,東京メトロ東西線
中古マンション等,10995058,605121,18.17,豊島区,池袋,14,１Ｒ,2003年,SRC,東京都,2025年第2四半期,準工業地域,JR山手線
中古マンション等,20715561,1161837,17.83,港区,田町,3,１Ｒ,2009年,RC,東京都,2025年第4四半期,商業地域,JR山手線
中古マンション等,15045499,590714,25.47,台東区,上野,8,１Ｒ,2000年,軽量鉄骨造,東京都,2024年第4四半期,準工業地域,JR山手線
中古マンション等,10444490,353810,29.52,板橋区,板橋,15,１Ｒ,2015年,軽量鉄骨造,東京都,2025年第4四半期,準工業地域,JR埼京線
中古マンション等,10473977,454599,23.04,墨田区,錦糸町,3,１Ｒ,2011年,RC,東京都,2025年第1四半期,商業地域,JR総武線
中古マンション等,23145233,819590,28.24,品川区,大井町,15,１Ｒ,2020年,鉄骨造,東京都,2024年第2四半期,準工業地域,JR京浜東北線
中古マンション等,16833544,755206,22.29,杉並区,高円寺,3,１Ｒ,2017年,SRC,東京都,2024年第4四半期,準工業地域,JR中央線
中古マンション等,17127353,589988,29.03,台東区,上野,1,１Ｋ,2011年,SRC,東京都,2025年第2四半期,商業地域,JR山手線
中古マンション等,9742979,335617,29.03,北区,赤羽,13,１Ｋ,2006年,SRC,東京都,2025年第1四半期,準工業地域,JR京浜東北線
中古マンション等,8778464,340911,25.75,品川区,大井町,13,１Ｋ,1993年,SRC,東京都,2024年第1四半期,商業地域,JR京浜東北線
中古マンション等,13168831,556116,23.68,豊島区,池袋,7,１Ｋ,2018年,鉄骨造,東京都,2024年第4四半期,商業地域,JR山手線
中古マンション等,20393794,1054487,19.34,新宿区,高田馬場,2,１Ｋ,2014年,SRC,東京都,2024年第4四半期,準工業地域,JR山手線
中古マンション等,11296612,513249,22.01,板橋区,板橋,4,１Ｋ,2007年,RC,東京都,2024年第2四半期,準工業地域,JR埼京線
中古マンション等,5643648,332958,16.95,台東区,上野,9,１Ｋ,2018年,軽量鉄骨造,東京都,2025年第4四半期,商業地域,JR山手線
中古マンション等,8919000,300000,29.73,墨田区,錦糸町,12,１Ｋ,2001年,SRC,東京都,2025年第2四半期,商業地域,JR総武線
中古マンション等,28081804,1047828,26.8,渋谷区,恵比寿,3,１Ｒ,2006年,RC,東京都,2025年第4四半期,準工業地域,JR山手線
中古マンション等,14172652,570557,24.84,品川区,大井町,2,１Ｒ,1993年,軽量鉄骨造,東京都,2024年第1四半期,商業地域,JR京浜東北線
中古マンション等,16626342,613971,27.08,新宿区,高田馬場,6,１Ｒ,1987年,軽量鉄骨造,東京都,2025年第1四半期,商業地域,JR山手線
中古マンション等,6003000,300000,20.01,中野区,中野,14,１Ｒ,1988年,鉄骨造,東京都,2024年第2四半期,準工業地域,JR中央線
中古マンション等,14185726,498619,28.45,江東区,門前仲町,15,１Ｋ,2013年,軽量鉄骨造,東京都,2025年第2四半期,準工業地域,東京メトロ東西線
中古マンション等,5919000,300000,19.73,大田区,蒲田,12,１Ｋ,1990年,軽量鉄骨造,東京都,2024年第3四半期,準工業地域,JR京浜東北線
中古マンション等,5232000,300000,17.44,北区,赤羽,11,１Ｒ,2005年,RC,東京都,2025年第4四半期,商業地域,JR京浜東北線
中古マンション等,20635877,788230,26.18,新宿区,高田馬場,10,１Ｒ,2007年,鉄骨造,東京都,2024年第1四半期,商業地域,JR山手線
中古マンション等,9708392,460331,21.09,墨田区,錦糸町,1,１Ｒ,1995年,SRC,東京都,2024年第3四半期,商業地域,JR総武線
中古マンション等,7393364,350895,21.07,台東区,上野,10,１Ｋ,1987年,軽量鉄骨造,東京都,2025年第2四半期,商業地域,JR山手線
中古マンション等,21864960,909902,24.03,渋谷区,渋谷,6,１Ｋ,2018年,SRC,東京都,2024年第1四半期,準工業地域,JR山手線
中古マンション等,22007536,946560,23.25,品川区,大井町,2,１Ｋ,2020年,鉄骨造,東京都,2025年第4四半期,商業地域,JR京浜東北線
中古マンション等,25449285,1272464,20.0,港区,田町,4,１Ｋ,2016年,軽量鉄骨造,東京都,2024年第2四半期,準工業地域,JR山手線
中古マンション等,7605000,300000,25.35,北区,赤羽,9,１Ｋ,1989年,鉄骨造,東京都,2024年第3四半期,準工業地域,JR京浜東北線
中古マンション等,20127489,742437,27.11,豊島区,大塚,4,１Ｋ,2017年,軽量鉄骨造,東京都,2024年第1四半期,商業地域,JR山手線
中古マンション等,23091332,1091272,21.16,中央区,人形町,3,１Ｒ,2020年,SRC,東京都,2024年第2四半期,商業地域,東京メトロ日比谷線
中古マンション等,12284449,525875,23.36,品川区,大井町,14,１Ｋ,2011年,SRC,東京都,2025年第4四半期,準工業地域,JR京浜東北線
中古マンション等,8984551,431534,20.82,大田区,蒲田,11,１Ｋ,2020年,RC,東京都,2025年第3四半期,準工業地域,JR京浜東北線
中古マンション等,24908366,901170,27.64,新宿区,高田馬場,3,１Ｒ,2018年,RC,東京都,2025年第2四半期,準工業地域,JR山手線
中古マンション等,8559000,300000,28.53,大田区,蒲田,5,１Ｋ,1990年,鉄骨造,東京都,2024年第3四半期,準工業地域,JR京浜東北線
中古マンション等,27122223,1155612,23.47,港区,田町,11,１Ｋ,2017年,鉄骨造,東京都,2024年第1四半期,準工業地域,JR山手線
中古マンション等,13795586,804876,17.14,新宿区,新宿,11,１Ｋ,2001年,軽量鉄骨造,東京都,2024年第1四半期,準工業地域,JR山手線
中古マンション等,12714826,633839,20.06,文京区,茗荷谷,8,１Ｋ,2004年,軽量鉄骨造,東京都,2024年第2四半期,準工業地域,東京メトロ丸ノ内線
中古マンション等,17529355,791393,22.15,豊島区,大塚,8,１Ｋ,2015年,RC,東京都,2025年第2四半期,準工業地域,JR山手線
中古マンション等,11682175,444527,26.28,北区,赤羽,7,１Ｋ,2007年,鉄骨造,東京都,2024年第4四半期,準工業地域,JR京浜東北線
中古マンション等,9996084,448456,22.29,杉並区,高円寺,2,１Ｋ,1994年,軽量鉄骨造,東京都,2025年第3四半期,商業地域,JR中央線
中古マンション等,15329410,559671,27.39,豊島区,大塚,4,１Ｋ,2005年,軽量鉄骨造,東京都,2025年第1四半期,準工業地域,JR山手線
中古マンション等,25341018,866952,29.23,渋谷区,渋谷,8,１Ｒ,2017年,RC,東京都,2025年第2四半期,商業地域,JR山手線
中古マンション等,6879000,300000,22.93,板橋区,板橋,5,１Ｋ,2015年,鉄骨造,東京都,2025年第2四半期,準工業地域,JR埼京線
中古マンション等,4989000,300000,16.63,台東区,上野,10,１Ｋ,1988年,鉄骨造,東京都,2025年第1四半期,商業地域,JR山手線
中古マンション等,13573500,608677,22.3,大田区,蒲田,5,１Ｒ,2020年,RC,東京都,2024年第2四半期,商業地域,JR京浜東北線
中古マンション等,7143000,300000,23.81,北区,赤羽,13,１Ｋ,2008年,軽量鉄骨造,東京都,2024年第1四半期,商業地域,JR京浜東北線
中古マンション等,12044346,463422,25.99,豊島区,池袋,9,１Ｋ,2015年,鉄骨造,東京都,2025年第2四半期,商業地域,JR山手線
中古マンション等,24622769,934450,26.35,港区,田町,10,１Ｋ,2004年,軽量鉄骨造,東京都,2025年第1四半期,準工業地域,JR山手線
中古マンション等,8349959,394610,21.16,新宿区,新宿,7,１Ｒ,1992年,SRC,東京都,2025年第4四半期,商業地域,JR山手線
中古マンション等,11235228,466385,24.09,中央区,人形町,10,１Ｋ,1988年,軽量鉄骨造,東京都,2024年第3四半期,準工業地域,東京メトロ日比谷線
中古マンション等,6742930,410153,16.44,杉並区,荻窪,4,１Ｋ,1992年,RC,東京都,2025年第3四半期,準工業地域,JR中央線
中古マンション等,19827202,686299,28.89,港区,田町,12,１Ｋ,1988年,RC,東京都,2025年第2四半期,準工業地域,JR山手線
中古マンション等,12743274,545516,23.36,品川区,大井町,3,１Ｋ,2005年,鉄骨造,東京都,2025年第4四半期,商業地域,JR京浜東北線
中古マンション等,9934043,498947,19.91,杉並区,荻窪,4,１Ｒ,2004年,鉄骨造,東京都,2025年第1四半期,準工業地域,JR中央線
中古マンション等,15573384,761907,20.44,品川区,大井町,9,１Ｋ,2007年,SRC,東京都,2025年第3四半期,準工業地域,JR京浜東北線
中古マンション等,8238000,300000,27.46,墨田区,錦糸町,5,１Ｋ,1994年,SRC,東京都,2025年第2四半期,準工業地域,JR総武線
中古マンション等,11468148,433414,26.46,杉並区,高円寺,4,１Ｋ,1998年,鉄骨造,東京都,2024年第3四半期,商業地域,JR中央線
中古マンション等,9110340,470818,19.35,中央区,人形町,11,１Ｒ,1988年,RC,東京都,2024年第4四半期,商業地域,東京メトロ日比谷線
中古マンション等,12520743,607213,20.62,江東区,門前仲町,2,１Ｒ,2015年,RC,東京都,2025年第3四半期,準工業地域,東京メトロ東西線
中古マンション等,8382974,369619,22.68,品川区,大井町,13,１Ｒ,1997年,鉄骨造,東京都,2025年第1四半期,準工業地域,JR京浜東北線
中古マンション等,18575018,739157,25.13,渋谷区,渋谷,9,１Ｋ,1999年,RC,東京都,2025年第3四半期,準工業地域,JR山手線
中古マンション等,8721000,300000,29.07,豊島区,大塚,14,１Ｋ,1987年,軽量鉄骨造,東京都,2024年第3四半期,準工業地域,JR山手線
中古マンション等,8481000,300000,28.27,板橋区,板橋,5,１Ｒ,1985年,鉄骨造,東京都,2025年第4四半期,準工業地域,JR埼京線
中古マンション等,9015476,386267,23.34,文京区,茗荷谷,14,１Ｋ,1993年,鉄骨造,東京都,2024年第4四半期,準工業地域,東京メトロ丸ノ内線
中古マンション等,7309293,400070,18.27,北区,赤羽,11,１Ｒ,2014年,鉄骨造,東京都,2024年第4四半期,商業地域,JR京浜東北線
中古マンション等,17323729,628126,27.58,墨田区,錦糸町,6,１Ｋ,2017年,SRC,東京都,2024年第3四半期,準工業地域,JR総武線
中古マンション等,12934666,630037,20.53,品川区,大井町,1,１Ｒ,2000年,鉄骨造,東京都,2025年第1四半期,準工業地域,JR京浜東北線
中古マンション等,13560185,839120,16.16,中央区,人形町,12,１Ｋ,2008年,SRC,東京都,2025年第4四半期,商業地域,東京メトロ日比谷線
中古マンション等,12363301,482752,25.61,墨田区,錦糸町,12,１Ｋ,2004年,RC,東京都,2024年第4四半期,準工業地域,JR総武線
中古マンション等,14344281,790754,18.14,品川区,大井町,7,１Ｒ,2008年,軽量鉄骨造,東京都,2024年第4四半期,準工業地域,JR京浜東北線
中古マンション等,16866045,597662,28.22,港区,田町,9,１Ｋ,1990年,SRC,東京都,2024年第1四半期,準工業地域,JR山手線
中古マンション等,11565834,614223,18.83,大田区,蒲田,3,１Ｋ,2019年,軽量鉄骨造,東京都,2024年第2四半期,準工業地域,JR京浜東北線
中古マンション等,22237532,973622,22.84,中央区,人形町,8,１Ｋ,2017年,軽量鉄骨造,東京都,2024年第1四半期,準工業地域,東京メトロ日比谷線
中古マンション等,7839000,300000,26.13,板橋区,板橋,5,１Ｒ,2010年,RC,東京都,2024年第2四半期,商業地域,JR埼京線
中古マンション等,20587855,797669,25.81,台東区,上野,1,１Ｒ,2019年,SRC,東京都,2025年第1四半期,準工業地域,JR山手線
中古マンション等,15414475,576889,26.72,豊島区,池袋,6,１Ｒ,2011年,軽量鉄骨造,東京都,2025年第4四半期,準工業地域,JR山手線
中古マンション等,12337876,580332,21.26,墨田区,錦糸町,3,１Ｋ,2019年,軽量鉄骨造,東京都,2024年第3四半期,準工業地域,JR総武線
中古マンション等,8307000,300000,27.69,杉並区,荻窪,5,１Ｋ,1986年,軽量鉄骨造,東京都,2025年第3四半期,準工業地域,JR中央線
中古マンション等,9202492,409910,22.45,杉並区,荻窪,5,１Ｒ,1994年,SRC,東京都,2025年第3四半期,準工業地域,JR中央線
中古マンション等,15049768,776962,19.37,新宿区,新宿,2,１Ｋ,1989年,軽量鉄骨造,東京都,2024年第1四半期,商業地域,JR山手線
中古マンション等,13924768,643771,21.63,新宿区,高田馬場,9,１Ｋ,1999年,鉄骨造,東京都,2024年第4四半期,準工業地域,JR山手線
中古マンション等,21389875,1045448,20.46,中央区,人形町,4,１Ｋ,2005年,RC,東京都,2024年第4四半期,準工業地域,東京メトロ日比谷線
中古マンション等,5055000,300000,16.85,杉並区,高円寺,11,１Ｋ,1996年,鉄骨造,東京都,2025年第3四半期,準工業地域,JR中央線
中古マンション等,9582877,372150,25.75,北区,赤羽,3,１Ｋ,2011年,RC,東京都,2025年第4四半期,商業地域,JR京浜東北線
中古マンション等,6063000,300000,20.21,杉並区,荻窪,13,１Ｋ,1994年,軽量鉄骨造,東京都,2024年第3四半期,商業地域,JR中央線
中古マンション等,5655000,300000,18.85,杉並区,高円寺,15,１Ｋ,1990年,鉄骨造,東京都,2024年第2四半期,準工業地域,JR中央線
中古マンション等,7031594,420549,16.72,中野区,中野,11,１Ｋ,2009年,RC,東京都,2025年第4四半期,商業地域,JR中央線
中古マンション等,6071999,300000,20.24,北区,赤羽,4,１Ｒ,1985年,SRC,東京都,2025年第4四半期,準工業地域,JR京浜東北線
中古マンション等,23288293,900901,25.85,港区,田町,15,１Ｋ,2010年,軽量鉄骨造,東京都,2025年第2四半期,商業地域,JR山手線
中古マンション等,16455425,709897,23.18,台東区,上野,8,１Ｋ,2016年,軽量鉄骨造,東京都,2025年第2四半期,準工業地域,JR山手線
中古マンション等,7174373,352030,20.38,台東区,上野,10,１Ｋ,1987年,軽量鉄骨造,東京都,2025年第1四半期,商業地域,JR山手線
中古マンション等,5765999,300000,19.22,北区,赤羽,8,１Ｋ,2000年,鉄骨造,東京都,2025年第1四半期,準工業地域,JR京浜東北線
中古マンション等,23904232,809489,29.53,品川区,大井町,8,１Ｋ,2016年,軽量鉄骨造,東京都,2024年第3四半期,準工業地域,JR京浜東北線
中古マンション等,17200618,576042,29.86,文京区,茗荷谷,9,１Ｋ,1988年,SRC,東京都,2024年第1四半期,準工業地域,東京メトロ丸ノ内線
中古マンション等,7784389,434396,17.92,江東区,門前仲町,2,１Ｋ,1999年,鉄骨造,東京都,2024年第1四半期,準工業地域,東京メトロ東西線
中古マンション等,33498057,1163935,28.78,港区,田町,1,１Ｋ,2016年,軽量鉄骨造,東京都,2024年第1四半期,商業地域,JR山手線
中古マンション等,8138011,346298,23.5,杉並区,高円寺,1,１Ｋ,2003年,RC,東京都,2024年第2四半期,準工業地域,JR中央線
中古マンション等,5424000,300000,18.08,大田区,蒲田,10,１Ｋ,1997年,鉄骨造,東京都,2025年第1四半期,準工業地域,JR京浜東北線
中古マンション等,13172620,620764,21.22,渋谷区,渋谷,8,１Ｋ,2010年,SRC,東京都,2024年第1四半期,商業地域,JR山手線
中古マンション等,10515712,494159,21.28,墨田区,錦糸町,1,１Ｒ,2015年,RC,東京都,2024年第2四半期,準工業地域,JR総武線
中古マンション等,16750349,669210,25.03,江東区,門前仲町,10,１Ｒ,2006年,SRC,東京都,2024年第4四半期,商業地域,東京メトロ東西線
中古マンション等,9759156,430677,22.66,中央区,人形町,15,１Ｋ,1987年,鉄骨造,東京都,2024年第1四半期,商業地域,東京メトロ日比谷線
中古マンション等,5520884,340375,16.22,北区,赤羽,10,１Ｒ,1998年,SRC,東京都,2025年第1四半期,商業地域,JR京浜東北線
中古マンション等,13614136,568915,23.93,杉並区,荻窪,11,１Ｒ,2009年,鉄骨造,東京都,2025年第3四半期,準工業地域,JR中央線
中古マンション等,8121000,300000,27.07,豊島区,池袋,9,１Ｋ,1990年,RC,東京都,2024年第2四半期,商業地域,JR山手線
中古マンション等,24462378,832903,29.37,港区,田町,13,１Ｋ,2010年,鉄骨造,東京都,2025年第4四半期,準工業地域,JR山手線
中古マンション等,14366726,605169,23.74,台東区,上野,7,１Ｋ,2009年,鉄骨造,東京都,2024年第4四半期,準工業地域,JR山手線
中古マンション等,18764610,950106,19.75,渋谷区,渋谷,12,１Ｒ,2009年,RC,東京都,2025年第3四半期,商業地域,JR山手線
中古マンション等,13434969,777486,17.28,渋谷区,恵比寿,8,１Ｋ,2004年,RC,東京都,2025年第3四半期,準工業地域,JR山手線
中古マンション等,14785347,638124,23.17,文京区,茗荷谷,1,１Ｋ,1991年,SRC,東京都,2025年第2四半期,準工業地域,東京メトロ丸ノ内線
中古マンション等,17043882,848376,20.09,新宿区,新宿,13,１Ｒ,2009年,RC,東京都,2024年第3四半期,準工業地域,JR山手線
中古マンション等,11340940,632159,17.94,豊島区,大塚,5,１Ｋ,2004年,SRC,東京都,2024年第3四半期,準工業地域,JR山手線
中古マンション等,6060000,300000,20.2,江東区,門前仲町,6,１Ｒ,1989年,RC,東京都,2025年第4四半期,商業地域,東京メトロ東西線
中古マンション等,7324941,455248,16.09,板橋区,板橋,6,１Ｒ,2010年,軽量鉄骨造,東京都,2025年第2四半期,準工業地域,JR埼京線
中古マンション等,8226000,300000,27.42,江東区,門前仲町,5,１Ｋ,1993年,鉄骨造,東京都,2024年第3四半期,準工業地域,東京メトロ東西線
中古マンション等,13274436,661077,20.08,北区,赤羽,10,１Ｒ,2016年,鉄骨造,東京都,2025年第3四半期,商業地域,JR京浜東北線
中古マンション等,6902479,326976,21.11,墨田区,錦糸町,10,１Ｒ,1997年,SRC,東京都,2025年第4四半期,準工業地域,JR総武線
中古マンション等,7193676,324917,22.14,中野区,中野,14,１Ｒ,2003年,軽量鉄骨造,東京都,2025年第4四半期,商業地域,JR中央線
中古マンション等,5817000,300000,19.39,板橋区,板橋,12,１Ｋ,1994年,軽量鉄骨造,東京都,2025年第3四半期,準工業地域,JR埼京線
中古マンション等,10416302,441181,23.61,江東区,門前仲町,12,１Ｒ,2008年,SRC,東京都,2024年第2四半期,準工業地域,東京メトロ東西線
中古マンション等,7215418,393639,18.33,台東区,上野,10,１Ｋ,1987年,鉄骨造,東京都,2025年第3四半期,商業地域,JR山手線
中古マンション等,17825426,908533,19.62,渋谷区,恵比寿,12,１Ｋ,2017年,RC,東京都,2025年第4四半期,商業地域,JR山手線
中古マンション等,21353309,796468,26.81,品川区,五反田,3,１Ｋ,2017年,軽量鉄骨造,東京都,2024年第2四半期,商業地域,JR山手線
中古マンション等,10866959,520448,20.88,豊島区,池袋,8,１Ｒ,2006年,軽量鉄骨造,東京都,2025年第2四半期,準工業地域,JR山手線
中古マンション等,19414951,743582,26.11,品川区,五反田,6,１Ｒ,2013年,SRC,東京都,2025年第2四半期,準工業地域,JR山手線
中古マンション等,12402750,427386,29.02,豊島区,大塚,9,１Ｋ,2000年,RC,東京都,2025年第2四半期,準工業地域,JR山手線
中古マンション等,12748481,662258,19.25,品川区,五反田,11,１Ｋ,2010年,SRC,東京都,2024年第4四半期,準工業地域,JR山手線
中古マンション等,11300522,527076,21.44,江東区,門前仲町,4,１Ｋ,1998年,SRC,東京都,2024年第2四半期,準工業地域,東京メトロ東西線
中古マンション等,11632785,624746,18.62,文京区,茗荷谷,4,１Ｒ,2005年,鉄骨造,東京都,2025年第3四半期,準工業地域,東京メトロ丸ノ内線
中古マンション等,13104279,744561,17.6,中央区,人形町,14,１Ｋ,2007年,RC,東京都,2025年第1四半期,準工業地域,東京メトロ日比谷線
中古マンション等,12703592,739010,17.19,中央区,人形町,6,１Ｋ,1993年,RC,東京都,2025年第3四半期,準工業地域,東京メトロ日比谷線
中古マンション等,16993669,706597,24.05,豊島区,池袋,3,１Ｋ,2012年,RC,東京都,2024年第3四半期,準工業地域,JR山手線
中古マンション等,12010210,645016,18.62,豊島区,池袋,10,１Ｋ,2013年,RC,東京都,2024年第4四半期,準工業地域,JR山手線
中古マンション等,18883439,818173,23.08,文京区,茗荷谷,7,１Ｒ,2016年,軽量鉄骨造,東京都,2025年第4四半期,準工業地域,東京メトロ丸ノ内線
中古マンション等,21118255,882870,23.92,渋谷区,渋谷,5,１Ｋ,1999年,軽量鉄骨造,東京都,2025年第4四半期,準工業地域,JR山手線
中古マンション等,17860281,743558,24.02,渋谷区,恵比寿,13,１Ｋ,2002年,鉄骨造,東京都,2024年第1四半期,準工業地域,JR山手線
中古マンション等,17765788,751196,23.65,品川区,五反田,2,１Ｋ,2012年,SRC,東京都,2025年第4四半期,商業地域,JR山手線
中古マンション等,10276193,463936,22.15,渋谷区,渋谷,13,１Ｒ,1992年,RC,東京都,2025年第2四半期,準工業地域,JR山手線
中古マンション等,20723792,833619,24.86,港区,田町,10,１Ｋ,1995年,SRC,東京都,2025年第2四半期,準工業地域,JR山手線
中古マンション等,21944327,932214,23.54,港区,田町,12,１Ｋ,2005年,鉄骨造,東京都,2024年第2四半期,商業地域,JR山手線
中古マンション等,8658000,300000,28.86,江東区,門前仲町,14,１Ｋ,2002年,RC,東京都,2025年第2四半期,準工業地域,東京メトロ東西線
中古マンション等,6855000,300000,22.85,墨田区,錦糸町,11,１Ｋ,2002年,軽量鉄骨造,東京都,2024年第2四半期,準工業地域,JR総武線
中古マンション等,18013105,832398,21.64,渋谷区,渋谷,12,１Ｒ,2002年,鉄骨造,東京都,2024年第1四半期,準工業地域,JR山手線
中古マンション等,22705328,865624,26.23,渋谷区,渋谷,11,１Ｒ,2014年,鉄骨造,東京都,2024年第2四半期,準工業地域,JR山手線
中古マンション等,7672860,402774,19.05,墨田区,錦糸町,14,１Ｒ,2012年,鉄骨造,東京都,2024年第3四半期,準工業地域,JR総武線
中古マンション等,15353916,567822,27.04,品川区,大井町,1,１Ｋ,1988年,軽量鉄骨造,東京都,2024年第1四半期,商業地域,JR京浜東北線
中古マンション等,6877615,310081,22.18,豊島区,大塚,7,１Ｋ,1985年,鉄骨造,東京都,2024年第3四半期,準工業地域,JR山手線
中古マンション等,11198659,646947,17.31,杉並区,高円寺,5,１Ｋ,2008年,RC,東京都,2024年第1四半期,商業地域,JR中央線
中古マンション等,7848000,300000,26.16,板橋区,板橋,7,１Ｋ,1999年,軽量鉄骨造,東京都,2024年第2四半期,商業地域,JR埼京線
中古マンション等,11442585,491731,23.27,杉並区,荻窪,1,１Ｋ,2013年,鉄骨造,東京都,2024年第2四半期,準工業地域,JR中央線
中古マンション等,16350356,635705,25.72,江東区,門前仲町,2,１Ｒ,2015年,SRC,東京都,2025年第2四半期,商業地域,東京メトロ東西線
中古マンション等,5376000,300000,17.92,板橋区,板橋,11,１Ｒ,1993年,RC,東京都,2024年第2四半期,準工業地域,JR埼京線
中古マンション等,12979068,528894,24.54,新宿区,新宿,8,１Ｒ,1995年,軽量鉄骨造,東京都,2025年第4四半期,準工業地域,JR山手線
中古マンション等,19319731,676698,28.55,渋谷区,渋谷,13,１Ｋ,1993年,軽量鉄骨造,東京都,2025年第2四半期,準工業地域,JR山手線
中古マンション等,8124000,300000,27.08,北区,赤羽,5,１Ｒ,2000年,鉄骨造,東京都,2024年第1四半期,準工業地域,JR京浜東北線
中古マンション等,8202036,434429,18.88,板橋区,板橋,4,１Ｒ,2017年,鉄骨造,東京都,2024年第1四半期,準工業地域,JR埼京線
中古マンション等,6879000,300000,22.93,杉並区,荻窪,4,１Ｋ,1992年,SRC,東京都,2025年第2四半期,準工業地域,JR中央線
中古マンション等,12688183,592352,21.42,豊島区,池袋,6,１Ｋ,2011年,RC,東京都,2025年第4四半期,準工業地域,JR山手線
中古マンション等,12185797,750819,16.23,渋谷区,渋谷,1,１Ｋ,1989年,軽量鉄骨造,東京都,2025年第1四半期,準工業地域,JR山手線
中古マンション等,9958690,372426,26.74,大田区,蒲田,12,１Ｋ,2012年,RC,東京都,2025年第1四半期,商業地域,JR京浜東北線
中古マンション等,16925906,730824,23.16,渋谷区,渋谷,13,１Ｋ,1998年,SRC,東京都,2025年第1四半期,準工業地域,JR山手線
中古マンション等,5043000,300000,16.81,杉並区,荻窪,15,１Ｋ,1990年,軽量鉄骨造,東京都,2024年第1四半期,商業地域,JR中央線
中古マンション等,7118086,402834,17.67,豊島区,大塚,12,１Ｋ,1993年,鉄骨造,東京都,2024年第3四半期,商業地域,JR山手線
中古マンション等,7878000,300000,26.26,杉並区,高円寺,13,１Ｒ,1992年,鉄骨造,東京都,2025年第3四半期,商業地域,JR中央線
中古マンション等,10966144,557222,19.68,渋谷区,渋谷,8,１Ｋ,1989年,RC,東京都,2025年第2四半期,商業地域,JR山手線
中古マンション等,21967556,770250,28.52,渋谷区,恵比寿,4,１Ｒ,1992年,SRC,東京都,2024年第1四半期,準工業地域,JR山手線
中古マンション等,15491406,797703,19.42,新宿区,新宿,6,１Ｒ,2015年,SRC,東京都,2025年第3四半期,商業地域,JR山手線
中古マンション等,10986042,503254,21.83,杉並区,荻窪,5,１Ｒ,2005年,鉄骨造,東京都,2024年第2四半期,準工業地域,JR中央線
中古マンション等,18273648,987231,18.51,新宿区,高田馬場,1,１Ｋ,2018年,鉄骨造,東京都,2025年第1四半期,商業地域,JR山手線
中古マンション等,16238263,725246,22.39,文京区,茗荷谷,4,１Ｋ,2008年,鉄骨造,東京都,2024年第4四半期,準工業地域,東京メトロ丸ノ内線
中古マンション等,22830840,771051,29.61,中央区,人形町,12,１Ｋ,1997年,SRC,東京都,2025年第3四半期,商業地域,東京メトロ日比谷線
中古マンション等,6901520,331008,20.85,文京区,茗荷谷,6,１Ｋ,1985年,軽量鉄骨造,東京都,2025年第1四半期,商業地域,東京メトロ丸ノ内線
中古マンション等,19410459,652233,29.76,大田区,蒲田,8,１Ｋ,2011年,鉄骨造,東京都,2024年第2四半期,商業地域,JR京浜東北線
中古マンション等,15029557,526245,28.56,杉並区,荻窪,7,１Ｒ,2018年,鉄骨造,東京都,2025年第4四半期,準工業地域,JR中央線
中古マンション等,23980993,993824,24.13,渋谷区,渋谷,3,１Ｋ,2017年,SRC,東京都,2025年第3四半期,準工業地域,JR山手線
中古マンション等,5793000,300000,19.31,豊島区,池袋,14,１Ｋ,2001年,軽量鉄骨造,東京都,2025年第2四半期,商業地域,JR山手線
中古マンション等,8166434,423790,19.27,杉並区,高円寺,3,１Ｋ,1997年,RC,東京都,2025年第4四半期,準工業地域,JR中央線
中古マンション等,5307000,300000,17.69,江東区,門前仲町,13,１Ｋ,2007年,鉄骨造,東京都,2025年第4四半期,商業地域,東京メトロ東西線
中古マンション等,12085883,699819,17.27,渋谷区,恵比寿,14,１Ｋ,2004年,鉄骨造,東京都,2024年第3四半期,商業地域,JR山手線
中古マンション等,9887409,334486,29.56,杉並区,荻窪,9,１Ｋ,2010年,鉄骨造,東京都,2025年第1四半期,準工業地域,JR中央線
中古マンション等,4954721,301382,16.44,豊島区,大塚,14,１Ｋ,2010年,軽量鉄骨造,東京都,2024年第2四半期,準工業地域,JR山手線
中古マンション等,5310000,300000,17.7,豊島区,池袋,14,１Ｒ,1988年,RC,東京都,2024年第3四半期,商業地域,JR山手線
中古マンション等,6363000,300000,21.21,墨田区,錦糸町,10,１Ｋ,1990年,SRC,東京都,2024年第4四半期,準工業地域,JR総武線
中古マンション等,8199000,300000,27.33,品川区,五反田,15,１Ｒ,1990年,鉄骨造,東京都,2024年第2四半期,商業地域,JR山手線
中古マンション等,9445672,565270,16.71,品川区,五反田,14,１Ｋ,2012年,軽量鉄骨造,東京都,2024年第3四半期,商業地域,JR山手線
中古マンション等,7253666,365424,19.85,豊島区,大塚,15,１Ｋ,2013年,RC,東京都,2025年第1四半期,準工業地域,JR山手線
中古マンション等,9712301,427666,22.71,文京区,茗荷谷,5,１Ｒ,1990年,RC,東京都,2024年第1四半期,準工業地域,東京メトロ丸ノ内線
中古マンション等,16401838,721911,22.72,台東区,上野,6,１Ｒ,2016年,鉄骨造,東京都,2025年第3四半期,商業地域,JR山手線
中古マンション等,17610139,860710,20.46,新宿区,新宿,1,１Ｋ,1999年,軽量鉄骨造,東京都,2025年第2四半期,準工業地域,JR山手線
中古マンション等,8892000,300000,29.64,杉並区,荻窪,4,１Ｒ,1991年,鉄骨造,東京都,2024年第1四半期,準工業地域,JR中央線
中古マンション等,18807766,781702,24.06,杉並区,荻窪,6,１Ｋ,2009年,RC,東京都,2025年第2四半期,準工業地域,JR中央線
中古マンション等,8640000,300000,28.8,台東区,上野,12,１Ｒ,1986年,RC,東京都,2024年第4四半期,準工業地域,JR山手線
中古マンション等,12149777,515039,23.59,品川区,大井町,8,１Ｒ,1996年,SRC,東京都,2025年第4四半期,商業地域,JR京浜東北線
中古マンション等,15696518,834033,18.82,港区,田町,6,１Ｒ,1993年,鉄骨造,東京都,2024年第1四半期,商業地域,JR山手線
中古マンション等,17507205,676737,25.87,中央区,人形町,13,１Ｋ,1994年,SRC,東京都,2025年第2四半期,準工業地域,東京メトロ日比谷線
中古マンション等,12716235,525464,24.2,墨田区,錦糸町,5,１Ｋ,2006年,RC,東京都,2025年第3四半期,準工業地域,JR総武線
中古マンション等,14372661,572844,25.09,品川区,大井町,12,１Ｒ,1996年,鉄骨造,東京都,2024年第4四半期,準工業地域,JR京浜東北線
中古マンション等,10884048,510988,21.3,豊島区,大塚,3,１Ｋ,2003年,SRC,東京都,2025年第3四半期,準工業地域,JR山手線
中古マンション等,12085045,734653,16.45,中央区,人形町,15,１Ｒ,2005年,SRC,東京都,2025年第4四半期,商業地域,東京メトロ日比谷線
中古マンション等,15208660,786790,19.33,渋谷区,渋谷,3,１Ｒ,2005年,SRC,東京都,2025年第2四半期,準工業地域,JR山手線
中古マンション等,5682000,300000,18.94,杉並区,高円寺,6,１Ｋ,1989年,軽量鉄骨造,東京都,2025年第4四半期,準工業地域,JR中央線
中古マンション等,16028346,564776,28.38,豊島区,大塚,15,１Ｋ,2016年,軽量鉄骨造,東京都,2024年第2四半期,準工業地域,JR山手線
中古マンション等,15621926,622139,25.11,中央区,人形町,3,１Ｋ,1999年,SRC,東京都,2025年第2四半期,商業地域,東京メトロ日比谷線
中古マンション等,11399621,668991,17.04,渋谷区,恵比寿,15,１Ｋ,1995年,SRC,東京都,2024年第2四半期,商業地域,JR山手線
中古マンション等,22328143,783168,28.51,港区,田町,7,１Ｒ,1986年,RC,東京都,2024年第1四半期,商業地域,JR山手線
中古マンション等,12767497,430752,29.64,中野区,中野,12,１Ｋ,2011年,鉄骨造,東京都,2025年第1四半期,商業地域,JR中央線
中古マンション等,14963817,896573,16.69,渋谷区,恵比寿,14,１Ｋ,2020年,SRC,東京都,2025年第1四半期,準工業地域,JR山手線
中古マンション等,19968678,878903,22.72,港区,田町,1,１Ｋ,1991年,鉄骨造,東京都,2024年第2四半期,準工業地域,JR山手線
中古マンション等,15306004,753248,20.32,渋谷区,恵比寿,8,１Ｋ,2010年,軽量鉄骨造,東京都,2024年第3四半期,商業地域,JR山手線
中古マンション等,12724635,601069,21.17,墨田区,錦糸町,1,１Ｋ,2013年,軽量鉄骨造,東京都,2025年第1四半期,商業地域,JR総武線
中古マンション等,7170000,300000,23.9,杉並区,高円寺,13,１Ｒ,1994年,軽量鉄骨造,東京都,2024年第4四半期,準工業地域,JR中央線
中古マンション等,11105545,404426,27.46,墨田区,錦糸町,9,１Ｒ,2011年,軽量鉄骨造,東京都,2024年第4四半期,準工業地域,JR総武線
中古マンション等,10770683,500263,21.53,渋谷区,渋谷,9,１Ｋ,1987年,RC,東京都,2024年第2四半期,準工業地域,JR山手線
中古マンション等,8801278,477810,18.42,品川区,五反田,4,１Ｒ,1995年,RC,東京都,2024年第1四半期,準工業地域,JR山手線
中古マンション等,5649000,300000,18.83,江東区,門前仲町,14,１Ｒ,1994年,SRC,東京都,2024年第2四半期,商業地域,東京メトロ東西線
中古マンション等,7119000,300000,23.73,墨田区,錦糸町,9,１Ｋ,2002年,SRC,東京都,2025年第3四半期,商業地域,JR総武線
中古マンション等,6396449,353981,18.07,豊島区,池袋,15,１Ｒ,1991年,鉄骨造,東京都,2025年第3四半期,商業地域,JR山手線
中古マンション等,22140383,922131,24.01,品川区,大井町,1,１Ｋ,2015年,軽量鉄骨造,東京都,2024年第3四半期,準工業地域,JR京浜東北線
中古マンション等,5870086,354902,16.54,墨田区,錦糸町,12,１Ｒ,2006年,鉄骨造,東京都,2024年第1四半期,商業地域,JR総武線
中古マンション等,10113780,496991,20.35,板橋区,板橋,14,１Ｒ,2016年,SRC,東京都,2024年第4四半期,商業地域,JR埼京線
中古マンション等,16557546,616898,26.84,品川区,五反田,5,１Ｋ,2005年,軽量鉄骨造,東京都,2024年第4四半期,準工業地域,JR山手線
中古マンション等,9253560,350912,26.37,江東区,門前仲町,14,１Ｋ,2018年,SRC,東京都,2024年第3四半期,商業地域,東京メトロ東西線
中古マンション等,6817188,314881,21.65,大田区,蒲田,15,１Ｒ,2018年,RC,東京都,2024年第1四半期,商業地域,JR京浜東北線
中古マンション等,9026112,540162,16.71,品川区,五反田,12,１Ｋ,2008年,鉄骨造,東京都,2025年第4四半期,準工業地域,JR山手線
中古マンション等,17918106,701570,25.54,渋谷区,恵比寿,6,１Ｒ,2000年,軽量鉄骨造,東京都,2025年第2四半期,商業地域,JR山手線
中古マンション等,7946999,300000,26.49,杉並区,高円寺,5,１Ｋ,1990年,SRC,東京都,2024年第3四半期,準工業地域,JR中央線
中古マンション等,10135849,361994,28.0,中野区,中野,11,１Ｋ,1999年,SRC,東京都,2025年第4四半期,準工業地域,JR中央線
中古マンション等,10986100,449881,24.42,豊島区,大塚,4,１Ｋ,1985年,鉄骨造,東京都,2025年第1四半期,準工業地域,JR山手線
中古マンション等,15630474,559830,27.92,墨田区,錦糸町,5,１Ｋ,2014年,軽量鉄骨造,東京都,2024年第2四半期,商業地域,JR総武線
中古マンション等,14176086,594136,23.86,台東区,上野,5,１Ｒ,2003年,軽量鉄骨造,東京都,2024年第2四半期,商業地域,JR山手線
中古マンション等,7490999,300000,24.97,杉並区,高円寺,5,１Ｒ,2002年,RC,東京都,2024年第3四半期,準工業地域,JR中央線
中古マンション等,8580000,300000,28.6,杉並区,荻窪,11,１Ｋ,2010年,RC,東京都,2024年第1四半期,準工業地域,JR中央線
中古マンション等,6998557,356523,19.63,板橋区,板橋,7,１Ｒ,2011年,RC,東京都,2025年第2四半期,準工業地域,JR埼京線
中古マンション等,11583833,452316,25.61,杉並区,荻窪,15,１Ｒ,2015年,鉄骨造,東京都,2025年第1四半期,準工業地域,JR中央線
中古マンション等,9746211,525685,18.54,文京区,茗荷谷,8,１Ｒ,1991年,RC,東京都,2025年第2四半期,準工業地域,東京メトロ丸ノ内線
中古マンション等,10038538,478709,20.97,杉並区,荻窪,7,１Ｒ,2004年,鉄骨造,東京都,2025年第2四半期,商業地域,JR中央線
中古マンション等,6746999,300000,22.49,板橋区,板橋,8,１Ｋ,1992年,SRC,東京都,2025年第4四半期,準工業地域,JR埼京線
中古マンション等,7070974,399942,17.68,大田区,蒲田,9,１Ｋ,2009年,SRC,東京都,2024年第3四半期,商業地域,JR京浜東北線
中古マンション等,11622033,558751,20.8,中野区,中野,3,１Ｒ,2014年,軽量鉄骨造,東京都,2025年第2四半期,準工業地域,JR中央線
中古マンション等,10929000,535998,20.39,豊島区,大塚,1,１Ｋ,1988年,RC,東京都,2024年第3四半期,準工業地域,JR山手線
中古マンション等,6855000,300000,22.85,豊島区,大塚,3,１Ｋ,1990年,軽量鉄骨造,東京都,2025年第3四半期,商業地域,JR山手線
中古マンション等,12920950,687650,18.79,文京区,茗荷谷,1,１Ｒ,2008年,RC,東京都,2024年第1四半期,準工業地域,東京メトロ丸ノ内線
中古マンション等,10674149,556815,19.17,杉並区,荻窪,5,１Ｋ,2007年,RC,東京都,2024年第2四半期,準工業地域,JR中央線
中古マンション等,11982859,409250,29.28,板橋区,板橋,12,１Ｋ,2014年,鉄骨造,東京都,2025年第3四半期,準工業地域,JR埼京線
中古マンション等,13562506,652043,20.8,豊島区,池袋,6,１Ｒ,2016年,軽量鉄骨造,東京都,2024年第1四半期,商業地域,JR山手線
中古マンション等,5688000,300000,18.96,豊島区,池袋,10,１Ｋ,1986年,SRC,東京都,2025年第2四半期,準工業地域,JR山手線
中古マンション等,11393972,536186,21.25,新宿区,高田馬場,13,１Ｒ,2001年,SRC,東京都,2024年第1四半期,商業地域,JR山手線
中古マンション等,21200567,971166,21.83,渋谷区,恵比寿,2,１Ｋ,2009年,軽量鉄骨造,東京都,2024年第3四半期,商業地域,JR山手線
中古マンション等,6844365,338494,20.22,新宿区,新宿,11,１Ｒ,1991年,軽量鉄骨造,東京都,2024年第2四半期,準工業地域,JR山手線
中古マンション等,12200196,691229,17.65,港区,田町,13,１Ｋ,1992年,RC,東京都,2024年第4四半期,準工業地域,JR山手線
中古マンション等,8886000,300000,29.62,大田区,蒲田,12,１Ｋ,2007年,RC,東京都,2025年第4四半期,商業地域,JR京浜東北線
中古マンション等,7066745,436758,16.18,新宿区,新宿,15,１Ｋ,1990年,軽量鉄骨造,東京都,2024年第3四半期,準工業地域,JR山手線
中古マンション等,5115000,300000,17.05,大田区,蒲田,15,１Ｒ,1991年,鉄骨造,東京都,2025年第1四半期,準工業地域,JR京浜東北線
中古マンション等,16604837,606458,27.38,渋谷区,恵比寿,14,１Ｋ,1987年,鉄骨造,東京都,2025年第3四半期,準工業地域,JR山手線
中古マンション等,22816979,817227,27.92,渋谷区,恵比寿,1,１Ｋ,1987年,鉄骨造,東京都,2025年第4四半期,準工業地域,JR山手線
中古マンション等,8490000,300000,28.3,杉並区,高円寺,6,１Ｒ,1990年,RC,東京都,2024年第2四半期,準工業地域,JR中央線
中古マンション等,13551046,684050,19.81,品川区,五反田,12,１Ｒ,2009年,RC,東京都,2024年第2四半期,商業地域,JR山手線
中古マンション等,15325658,515321,29.74,新宿区,高田馬場,2,１Ｋ,1995年,軽量鉄骨造,東京都,2025年第4四半期,商業地域,JR山手線
中古マンション等,8073000,300000,26.91,墨田区,錦糸町,14,１Ｒ,1986年,RC,東京都,2025年第4四半期,準工業地域,JR総武線
中古マンション等,24620175,865992,28.43,渋谷区,恵比寿,1,１Ｋ,2013年,鉄骨造,東京都,2024年第1四半期,準工業地域,JR山手線
中古マンション等,8025000,300000,26.75,大田区,蒲田,11,１Ｒ,1999年,SRC,東京都,2025年第3四半期,準工業地域,JR京浜東北線
中古マンション等,10384129,456445,22.75,杉並区,荻窪,3,１Ｒ,2009年,SRC,東京都,2024年第1四半期,準工業地域,JR中央線
中古マンション等,10614173,459886,23.08,豊島区,大塚,14,１Ｒ,2015年,鉄骨造,東京都,2024年第4四半期,商業地域,JR山手線
中古マンション等,5587377,334573,16.7,杉並区,高円寺,9,１Ｒ,1999年,軽量鉄骨造,東京都,2024年第4四半期,商業地域,JR中央線
中古マンション等,22962148,843576,27.22,品川区,五反田,2,１Ｋ,2013年,軽量鉄骨造,東京都,2024年第1四半期,商業地域,JR山手線
中古マンション等,10224300,619654,16.5,江東区,門前仲町,1,１Ｒ,2020年,鉄骨造,東京都,2024年第4四半期,準工業地域,東京メトロ東西線
中古マンション等,17665923,602932,29.3,品川区,五反田,14,１Ｋ,2008年,軽量鉄骨造,東京都,2025年第2四半期,準工業地域,JR山手線
中古マンション等,15567639,896753,17.36,渋谷区,恵比寿,1,１Ｋ,1999年,鉄骨造,東京都,2025年第2四半期,準工業地域,JR山手線
中古マンション等,27670507,968855,28.56,新宿区,高田馬場,3,１Ｋ,2016年,鉄骨造,東京都,2024年第4四半期,商業地域,JR山手線
中古マンション等,5706000,300000,19.02,墨田区,錦糸町,12,１Ｋ,1997年,軽量鉄骨造,東京都,2024年第1四半期,準工業地域,JR総武線
中古マンション等,13296430,749939,17.73,中央区,人形町,8,１Ｋ,2013年,軽量鉄骨造,東京都,2024年第1四半期,準工業地域,東京メトロ日比谷線
中古マンション等,11260576,474129,23.75,新宿区,高田馬場,14,１Ｋ,2012年,RC,東京都,2024年第3四半期,準工業地域,JR山手線
中古マンション等,9624491,551546,17.45,豊島区,池袋,9,１Ｒ,2005年,RC,東京都,2025年第1四半期,商業地域,JR山手線
中古マンション等,8877000,300000,29.59,北区,赤羽,13,１Ｋ,2013年,軽量鉄骨造,東京都,2025年第1四半期,準工業地域,JR京浜東北線
中古マンション等,22130873,788979,28.05,文京区,茗荷谷,11,１Ｒ,2020年,鉄骨造,東京都,2024年第3四半期,準工業地域,東京メトロ丸ノ内線
中古マンション等,11459758,497169,23.05,豊島区,大塚,12,１Ｋ,2005年,鉄骨造,東京都,2025年第4四半期,準工業地域,JR山手線
中古マンション等,18017333,708228,25.44,江東区,門前仲町,5,１Ｋ,2019年,SRC,東京都,2024年第1四半期,商業地域,東京メトロ東西線
中古マンション等,14367050,566077,25.38,新宿区,高田馬場,5,１Ｒ,1997年,RC,東京都,2025年第1四半期,準工業地域,JR山手線
中古マンション等,14612558,526578,27.75,豊島区,池袋,4,１Ｒ,2003年,SRC,東京都,2024年第4四半期,準工業地域,JR山手線
中古マンション等,14651635,683378,21.44,文京区,茗荷谷,13,１Ｒ,2017年,鉄骨造,東京都,2024年第1四半期,準工業地域,東京メトロ丸ノ内線
中古マンション等,11584391,530663,21.83,墨田区,錦糸町,9,１Ｋ,2005年,軽量鉄骨造,東京都,2024年第4四半期,準工業地域,JR総武線
中古マンション等,17342839,652722,26.57,台東区,上野,12,１Ｒ,2019年,RC,東京都,2025年第1四半期,準工業地域,JR山手線
中古マンション等,10707456,575051,18.62,渋谷区,渋谷,12,１Ｋ,1996年,鉄骨造,東京都,2024年第3四半期,商業地域,JR山手線
中古マンション等,7389465,459543,16.08,杉並区,高円寺,12,１Ｒ,2014年,SRC,東京都,2024年第3四半期,準工業地域,JR中央線
中古マンション等,16030973,959364,16.71,港区,田町,8,１Ｋ,2004年,鉄骨造,東京都,2024年第4四半期,準工業地域,JR山手線
中古マンション等,7060552,416551,16.95,大田区,蒲田,3,１Ｋ,2017年,軽量鉄骨造,東京都,2024年第2四半期,商業地域,JR京浜東北線
中古マンション等,10514317,415750,25.29,中野区,中野,6,１Ｒ,2006年,軽量鉄骨造,東京都,2024年第1四半期,商業地域,JR中央線
中古マンション等,17144837,770900,22.24,台東区,上野,1,１Ｒ,2000年,鉄骨造,東京都,2025年第3四半期,準工業地域,JR山手線
中古マンション等,19322371,902914,21.4,渋谷区,恵比寿,12,１Ｒ,2019年,鉄骨造,東京都,2025年第4四半期,準工業地域,JR山手線
中古マンション等,12559919,439465,28.58,板橋区,板橋,6,１Ｋ,1997年,SRC,東京都,2024年第3四半期,準工業地域,JR埼京線
中古マンション等,9977159,425283,23.46,文京区,茗荷谷,4,１Ｒ,1989年,軽量鉄骨造,東京都,2024年第2四半期,商業地域,東京メトロ丸ノ内線
中古マンション等,7515000,300000,25.05,江東区,門前仲町,12,１Ｒ,1989年,SRC,東京都,2025年第4四半期,準工業地域,東京メトロ東西線
中古マンション等,10269924,596049,17.23,新宿区,高田馬場,3,１Ｋ,1988年,RC,東京都,2025年第1四半期,準工業地域,JR山手線
中古マンション等,14422914,581100,24.82,品川区,五反田,6,１Ｋ,2012年,SRC,東京都,2024年第1四半期,準工業地域,JR山手線
中古マンション等,12134929,718468,16.89,港区,田町,12,１Ｋ,1987年,鉄骨造,東京都,2025年第1四半期,準工業地域,JR山手線
中古マンション等,8661301,324271,26.71,板橋区,板橋,7,１Ｋ,2013年,SRC,東京都,2025年第4四半期,商業地域,JR埼京線
中古マンション等,7914903,441926,17.91,杉並区,荻窪,13,１Ｒ,2010年,RC,東京都,2025年第1四半期,準工業地域,JR中央線
中古マンション等,8820000,300000,29.4,台東区,上野,9,１Ｒ,1985年,RC,東京都,2024年第2四半期,商業地域,JR山手線
中古マンション等,24923816,1023565,24.35,中央区,人形町,9,１Ｒ,2019年,鉄骨造,東京都,2024年第4四半期,準工業地域,東京メトロ日比谷線
中古マンション等,5396999,300000,17.99,大田区,蒲田,4,１Ｒ,1996年,鉄骨造,東京都,2024年第4四半期,商業地域,JR京浜東北線
中古マンション等,26423126,946048,27.93,中央区,人形町,8,１Ｒ,2020年,鉄骨造,東京都,2024年第2四半期,商業地域,東京メトロ日比谷線
中古マンション等,18284561,801251,22.82,中央区,人形町,6,１Ｋ,2006年,RC,東京都,2024年第2四半期,商業地域,東京メトロ日比谷線
中古マンション等,20254011,708182,28.6,渋谷区,渋谷,8,１Ｋ,2005年,RC,東京都,2025年第2四半期,準工業地域,JR山手線
中古マンション等,9588316,522239,18.36,江東区,門前仲町,4,１Ｒ,2005年,軽量鉄骨造,東京都,2025年第1四半期,準工業地域,東京メトロ東西線
中古マンション等,7653000,300000,25.51,豊島区,池袋,15,１Ｒ,2006年,軽量鉄骨造,東京都,2024年第2四半期,商業地域,JR山手線
中古マンション等,14194013,827639,17.15,港区,田町,14,１Ｒ,2002年,RC,東京都,2025年第1四半期,準工業地域,JR山手線
中古マンション等,13007526,496849,26.18,渋谷区,渋谷,14,１Ｋ,1986年,軽量鉄骨造,東京都,2024年第4四半期,準工業地域,JR山手線
中古マンション等,15854895,806864,19.65,文京区,茗荷谷,8,１Ｒ,2019年,RC,東京都,2025年第2四半期,商業地域,東京メトロ丸ノ内線
中古マンション等,19030317,724412,26.27,中央区,人形町,3,１Ｋ,2003年,SRC,東京都,2024年第4四半期,準工業地域,東京メトロ日比谷線
中古マンション等,30319727,1185290,25.58,港区,田町,3,１Ｋ,2017年,RC,東京都,2024年第3四半期,準工業地域,JR山手線
中古マンション等,12803546,439229,29.15,品川区,大井町,4,１Ｋ,1987年,RC,東京都,2024年第1四半期,準工業地域,JR京浜東北線
中古マンション等,8613000,300000,28.71,大田区,蒲田,7,１Ｋ,2008年,軽量鉄骨造,東京都,2024年第1四半期,商業地域,JR京浜東北線
中古マンション等,9459011,542063,17.45,北区,赤羽,11,１Ｋ,2018年,RC,東京都,2025年第3四半期,準工業地域,JR京浜東北線
中古マンション等,7269000,300000,24.23,台東区,上野,9,１Ｋ,1989年,RC,東京都,2025年第3四半期,商業地域,JR山手線
中古マンション等,9387283,411362,22.82,台東区,上野,15,１Ｋ,2015年,RC,東京都,2024年第4四半期,商業地域,JR山手線
中古マンション等,5974441,315107,18.96,杉並区,高円寺,3,１Ｋ,1996年,SRC,東京都,2024年第4四半期,準工業地域,JR中央線
中古マンション等,9044987,346817,26.08,北区,赤羽,11,１Ｋ,2015年,軽量鉄骨造,東京都,2024年第1四半期,商業地域,JR京浜東北線
中古マンション等,10912742,454129,24.03,豊島区,池袋,3,１Ｒ,1995年,SRC,東京都,2024年第3四半期,商業地域,JR山手線
中古マンション等,14065020,486510,28.91,杉並区,高円寺,7,１Ｋ,2018年,鉄骨造,東京都,2024年第2四半期,商業地域,JR中央線
中古マンション等,31685823,1059726,29.9,港区,田町,3,１Ｋ,2015年,軽量鉄骨造,東京都,2024年第3四半期,準工業地域,JR山手線
中古マンション等,18643483,754186,24.72,豊島区,大塚,5,１Ｒ,2017年,SRC,東京都,2024年第4四半期,商業地域,JR山手線
中古マンション等,8956980,511243,17.52,豊島区,池袋,9,１Ｒ,1997年,軽量鉄骨造,東京都,2024年第3四半期,準工業地域,JR山手線
中古マンション等,6798000,300000,22.66,豊島区,大塚,15,１Ｋ,1987年,軽量鉄骨造,東京都,2024年第3四半期,準工業地域,JR山手線
中古マンション等,16370845,593361,27.59,文京区,茗荷谷,9,１Ｋ,2012年,SRC,東京都,2025年第3四半期,商業地域,東京メトロ丸ノ内線
中古マンション等,14298964,528612,27.05,品川区,大井町,6,１Ｒ,2009年,SRC,東京都,2025年第3四半期,商業地域,JR京浜東北線
中古マンション等,9825129,367706,26.72,品川区,大井町,5,１Ｋ,1990年,軽量鉄骨造,東京都,2025年第1四半期,商業地域,JR京浜東北線
中古マンション等,16011467,664652,24.09,新宿区,新宿,9,１Ｒ,1992年,鉄骨造,東京都,2025年第3四半期,商業地域,JR山手線
中古マンション等,10844132,493588,21.97,豊島区,池袋,5,１Ｒ,2001年,軽量鉄骨造,東京都,2025年第2四半期,準工業地域,JR山手線
中古マンション等,12519367,471184,26.57,墨田区,錦糸町,9,１Ｋ,2011年,軽量鉄骨造,東京都,2025年第1四半期,準工業地域,JR総武線
中古マンション等,14111800,677800,20.82,中央区,人形町,12,１Ｋ,2010年,SRC,東京都,2024年第4四半期,準工業地域,東京メトロ日比谷線
中古マンション等,11995204,689379,17.4,豊島区,大塚,7,１Ｒ,2017年,SRC,東京都,2024年第3四半期,商業地域,JR山手線
中古マンション等,10439115,382946,27.26,新宿区,新宿,8,１Ｒ,1994年,軽量鉄骨造,東京都,2024年第2四半期,商業地域,JR山手線
中古マンション等,6357000,300000,21.19,杉並区,荻窪,12,１Ｒ,1987年,鉄骨造,東京都,2024年第1四半期,準工業地域,JR中央線
中古マンション等,22033398,882748,24.96,豊島区,大塚,1,１Ｋ,2013年,鉄骨造,東京都,2024年第4四半期,商業地域,JR山手線
中古マンション等,19703748,851133,23.15,港区,田町,10,１Ｋ,1999年,SRC,東京都,2024年第3四半期,商業地域,JR山手線
中古マンション等,11379288,422707,26.92,杉並区,高円寺,11,１Ｋ,2007年,RC,東京都,2024年第1四半期,準工業地域,JR中央線
中古マンション等,30194674,1045884,28.87,渋谷区,渋谷,5,１Ｋ,2020年,鉄骨造,東京都,2025年第1四半期,商業地域,JR山手線
中古マンション等,7683060,343453,22.37,中野区,中野,10,１Ｋ,2010年,RC,東京都,2025年第3四半期,準工業地域,JR中央線
中古マンション等,13885952,816340,17.01,文京区,茗荷谷,6,１Ｒ,2003年,鉄骨造,東京都,2025年第4四半期,準工業地域,東京メトロ丸ノ内線
中古マンション等,13573183,596099,22.77,中央区,人形町,13,１Ｋ,2000年,軽量鉄骨造,東京都,2025年第4四半期,準工業地域,東京メトロ日比谷線
