Type,MunicipalityCode,Prefecture,Municipality,DistrictName,TradePrice,Area,UnitPrice,FloorPlan,BuildingYear,Structure,Use,CityPlanning,Period,Renovation
中古マンション等,13113,東京都,渋谷区,渋谷,15136164,16.35,925759,１Ｋ,平成14年,ＳＲＣ,住宅,準工業地域,2024年第１四半期,改装済
中古マンション等,13114,東京都,中野区,中野,7449694,19.26,386796,１Ｋ,昭和61年,軽量鉄骨造,住宅,商業地域,2025年第１四半期,未改装
中古マンション等,13104,東京都,新宿区,西新宿,17590623,26.62,660804,１Ｋ,平成7年,鉄骨造,住宅,商業地域,2025年第３四半期,改装済
中古マンション等,13106,東京都,台東区,上野,7520737,24.45,307596,１Ｒ,昭和62年,ＳＲＣ,住宅,準工業地域,2025年第３四半期,改装済
中古マンション等,13119,東京都,板橋区,板橋,8501712,27.61,307921,１Ｋ,平成20年,ＲＣ,住宅,準工業地域,2024年第２四半期,未改装
中古マンション等,13113,東京都,渋谷区,渋谷,21214580,21.32,995055,１Ｒ,平成26年,鉄骨造,住宅,商業地域,2025年第２四半期,改装済
中古マンション等,13115,東京都,杉並区,高円寺,7763927,25.83,300577,１Ｒ,平成1年,ＲＣ,住宅,準工業地域,2025年第１四半期,未改装
中古マンション等,13105,東京都,文京区,小石川,13753344,19.07,721203,１Ｒ,平成17年,ＳＲＣ,住宅,商業地域,2024年第１四半期,未改装
中古マンション等,13107,東京都,墨田区,錦糸町,10598150,19.75,536615,１Ｒ,平成10年,ＲＣ,住宅,準工業地域,2025年第３四半期,未改装
中古マンション等,13109,東京都,品川区,東五反田,8978788,18.0,498821,１Ｋ,平成5年,鉄骨造,住宅,準工業地域,2025年第３四半期,未改装
中古マンション等,13107,東京都,墨田区,錦糸町,6793347,21.07,322418,１Ｋ,平成5年,ＳＲＣ,住宅,商業地域,2024年第３四半期,未改装
中古マンション等,13108,東京都,江東区,門前仲町,14254204,24.35,585388,１Ｋ,平成21年,軽量鉄骨造,住宅,準工業地域,2024年第１四半期,未改装
中古マンション等,13113,東京都,渋谷区,渋谷,28833220,25.54,1128943,１Ｋ,令和1年,鉄骨造,住宅,準工業地域,2025年第４四半期,改装済
中古マンション等,13115,東京都,杉並区,高円寺,8883000,29.61,300000,１Ｋ,平成8年,ＳＲＣ,住宅,準工業地域,2025年第１四半期,未改装
中古マンション等,13111,東京都,大田区,蒲田,7359000,24.53,300000,１Ｒ,平成6年,ＳＲＣ,住宅,準工業地域,2025年第４四半期,改装済
中古マンション等,13106,東京都,台東区,上野,18119402,28.3,640261,１Ｋ,平成16年,ＲＣ,住宅,準工業地域,2024年第２四半期,改装済
中古マンション等,13109,東京都,品川区,大井,24217539,27.42,883207,１Ｋ,令和1年,ＲＣ,住宅,商業地域,2025年第３四半期,未改装
中古マンション等,13105,東京都,文京区,小石川,16256456,26.57,611835,１Ｒ,平成9年,軽量鉄骨造,住宅,準工業地域,2025年第２四半期,未改装
中古マンション等,13111,東京都,大田区,蒲田,8802595,22.32,394381,１Ｋ,平成12年,ＲＣ,住宅,準工業地域,2024年第１四半期,改装済
中古マンション等,13104,東京都,新宿区,高田馬場,13133819,19.21,683696,１Ｒ,昭和62年,ＳＲＣ,住宅,準工業地域,2025年第１四半期,未改装
中古マンション等,13114,東京都,中野区,中野,16131239,23.55,684978,１Ｋ,平成27年,ＳＲＣ,住宅,商業地域,2025年第３四半期,未改装
中古マンション等,13108,東京都,江東区,門前仲町,10122083,22.54,449072,１Ｒ,昭和63年,ＳＲＣ,住宅,商業地域,2025年第２四半期,未改装
中古マンション等,13113,東京都,渋谷区,渋谷,15787787,19.48,810461,１Ｋ,平成9年,軽量鉄骨造,住宅,商業地域,2024年第２四半期,未改装
中古マンション等,13105,東京都,文京区,小石川,15903585,17.37,915577,１Ｒ,令和1年,ＳＲＣ,住宅,準工業地域,2024年第４四半期,改装済
中古マンション等,13109,東京都,品川区,大井,18625457,22.74,819061,１Ｋ,平成22年,軽量鉄骨造,住宅,商業地域,2025年第４四半期,改装済
中古マンション等,13105,東京都,文京区,小石川,21668840,25.27,857492,１Ｋ,平成28年,鉄骨造,住宅,商業地域,2024年第１四半期,未改装
中古マンション等,13105,東京都,文京区,小石川,14895775,16.85,884022,１Ｋ,平成17年,ＲＣ,住宅,商業地域,2024年第２四半期,未改装
中古マンション等,13113,東京都,渋谷区,恵比寿,23029957,24.33,946566,１Ｋ,平成12年,ＲＣ,住宅,準工業地域,2024年第１四半期,未改装
中古マンション等,13108,東京都,江東区,門前仲町,16745768,25.2,664514,１Ｒ,平成30年,鉄骨造,住宅,商業地域,2025年第３四半期,改装済
中古マンション等,13119,東京都,板橋区,板橋,6720000,22.4,300000,１Ｋ,平成1年,ＳＲＣ,住宅,商業地域,2024年第４四半期,未改装
中古マンション等,13116,東京都,豊島区,南池袋,14177892,29.07,487715,１Ｋ,平成1年,鉄骨造,住宅,準工業地域,2024年第１四半期,未改装
中古マンション等,13105,東京都,文京区,小石川,10618497,20.19,525928,１Ｒ,平成3年,ＲＣ,住宅,商業地域,2024年第２四半期,未改装
中古マンション等,13116,東京都,豊島区,南池袋,10149917,19.81,512363,１Ｒ,平成10年,鉄骨造,住宅,準工業地域,2025年第１四半期,未改装
中古マンション等,13104,東京都,新宿区,高田馬場,14314673,17.29,827916,１Ｒ,平成24年,ＳＲＣ,住宅,商業地域,2024年第３四半期,未改装
中古マンション等,13115,東京都,杉並区,高円寺,9785052,18.26,535873,１Ｋ,平成25年,ＳＲＣ,住宅,準工業地域,2024年第３四半期,未改装
中古マンション等,13106,東京都,台東区,上野,10734145,24.16,444294,１Ｋ,平成6年,ＳＲＣ,住宅,商業地域,2024年第１四半期,未改装
中古マンション等,13114,東京都,中野区,中野,8030838,25.55,314318,１Ｒ,平成3年,ＲＣ,住宅,準工業地域,2024年第４四半期,未改装
中古マンション等,13116,東京都,豊島区,大塚,13713210,28.34,483881,１Ｋ,昭和61年,鉄骨造,住宅,準工業地域,2025年第３四半期,未改装
中古マンション等,13115,東京都,杉並区,荻窪,6932841,19.74,351207,１Ｋ,平成3年,ＲＣ,住宅,準工業地域,2025年第４四半期,未改装
中古マンション等,13115,東京都,杉並区,荻窪,8850829,19.12,462909,１Ｋ,平成9年,鉄骨造,住宅,準工業地域,2025年第１四半期,未改装
中古マンション等,13111,東京都,大田区,蒲田,12883373,21.6,596452,１Ｒ,令和1年,鉄骨造,住宅,商業地域,2025年第１四半期,改装済
中古マンション等,13103,東京都,港区,三田,23860753,22.08,1080650,１Ｋ,平成17年,ＳＲＣ,住宅,商業地域,2024年第４四半期,改装済
中古マンション等,13108,東京都,江東区,門前仲町,9872612,16.02,616267,１Ｒ,令和1年,ＲＣ,住宅,商業地域,2024年第２四半期,未改装
中古マンション等,13117,東京都,北区,赤羽,7415999,24.72,300000,１Ｒ,平成4年,鉄骨造,住宅,準工業地域,2025年第３四半期,未改装
中古マンション等,13119,東京都,板橋区,板橋,7128000,23.76,300000,１Ｒ,平成9年,ＲＣ,住宅,準工業地域,2025年第１四半期,未改装
中古マンション等,13104,東京都,新宿区,西新宿,17006269,20.25,839815,１Ｋ,平成10年,鉄骨造,住宅,準工業地域,2025年第４四半期,未改装
中古マンション等,13111,東京都,大田区,蒲田,6786000,22.62,300000,１Ｒ,平成7年,鉄骨造,住宅,商業地域,2024年第４四半期,未改装
中古マンション等,13115,東京都,杉並区,荻窪,9260397,27.29,339332,１Ｋ,平成6年,ＲＣ,住宅,準工業地域,2024年第２四半期,未改装
中古マンション等,13102,東京都,中央区,日本橋小網町,16534524,18.72,883254,１Ｒ,平成21年,ＳＲＣ,住宅,準工業地域,2024年第２四半期,未改装
中古マンション等,13115,東京都,杉並区,荻窪,12896927,18.46,698641,１Ｋ,平成30年,ＲＣ,住宅,準工業地域,2024年第２四半期,未改装
中古マンション等,13109,東京都,品川区,東五反田,17438688,25.35,687916,１Ｒ,令和2年,軽量鉄骨造,住宅,準工業地域,2025年第４四半期,未改装
中古マンション等,13109,東京都,品川区,大井,11413656,22.3,511823,１Ｒ,平成12年,鉄骨造,住宅,準工業地域,2025年第４四半期,未改装
中古マンション等,13115,東京都,杉並区,高円寺,11629580,22.16,524800,１Ｒ,平成15年,ＳＲＣ,住宅,商業地域,2024年第４四半期,未改装
中古マンション等,13116,東京都,豊島区,南池袋,13153187,25.89,508041,１Ｋ,平成1年,鉄骨造,住宅,準工業地域,2025年第３四半期,改装済
中古マンション等,13108,東京都,江東区,門前仲町,8963056,21.45,417858,１Ｋ,昭和61年,ＳＲＣ,住宅,準工業地域,2025年第１四半期,未改装
中古マンション等,13108,東京都,江東区,門前仲町,13524975,23.54,574552,１Ｒ,令和1年,ＲＣ,住宅,準工業地域,2025年第１四半期,未改装
中古マンション等,13104,東京都,新宿区,西新宿,17989282,21.44,839052,１Ｒ,平成22年,ＳＲＣ,住宅,準工業地域,2024年第１四半期,改装済
中古マンション等,13108,東京都,江東区,門前仲町,8214387,17.9,458904,１Ｋ,平成26年,鉄骨造,住宅,商業地域,2024年第４四半期,未改装
中古マンション等,13117,東京都,北区,赤羽,12386095,26.66,464594,１Ｋ,平成21年,ＳＲＣ,住宅,準工業地域,2024年第１四半期,未改装
中古マンション等,13106,東京都,台東区,上野,12630587,19.14,659905,１Ｒ,平成1年,ＳＲＣ,住宅,準工業地域,2024年第４四半期,改装済
中古マンション等,13104,東京都,新宿区,西新宿,21103802,24.7,854404,１Ｋ,平成12年,ＲＣ,住宅,準工業地域,2025年第１四半期,未改装
中古マンション等,13116,東京都,豊島区,大塚,13709271,24.48,560019,１Ｒ,平成4年,ＲＣ,住宅,準工業地域,2024年第２四半期,未改装
中古マンション等,13119,東京都,板橋区,板橋,7983043,24.06,331797,１Ｋ,平成21年,ＲＣ,住宅,商業地域,2025年第１四半期,未改装
中古マンション等,13103,東京都,港区,三田,25637971,27.28,939808,１Ｋ,昭和62年,軽量鉄骨造,住宅,準工業地域,2024年第２四半期,未改装
中古マンション等,13117,東京都,北区,赤羽,8943224,16.18,552733,１Ｒ,平成23年,軽量鉄骨造,住宅,準工業地域,2025年第３四半期,改装済
中古マンション等,13111,東京都,大田区,蒲田,10673371,29.52,361564,１Ｒ,平成14年,軽量鉄骨造,住宅,準工業地域,2025年第１四半期,未改装
中古マンション等,13115,東京都,杉並区,荻窪,9400004,27.63,340210,１Ｒ,平成2年,軽量鉄骨造,住宅,商業地域,2025年第４四半期,未改装
中古マンション等,13116,東京都,豊島区,大塚,16932480,22.83,741676,１Ｒ,平成19年,鉄骨造,住宅,商業地域,2025年第１四半期,未改装
中古マンション等,13111,東京都,大田区,蒲田,8781000,29.27,300000,１Ｋ,平成2年,ＲＣ,住宅,準工業地域,2025年第４四半期,未改装
中古マンション等,13104,東京都,新宿区,西新宿,14531762,17.3,839986,１Ｋ,平成11年,ＲＣ,住宅,商業地域,2025年第２四半期,未改装
中古マンション等,13111,東京都,大田区,蒲田,11326248,20.81,544269,１Ｋ,令和2年,鉄骨造,住宅,商業地域,2024年第４四半期,未改装
中古マンション等,13105,東京都,文京区,小石川,23100543,29.31,788145,１Ｋ,平成8年,軽量鉄骨造,住宅,商業地域,2025年第１四半期,未改装
中古マンション等,13114,東京都,中野区,中野,12155313,20.15,603241,１Ｋ,平成20年,鉄骨造,住宅,商業地域,2024年第１四半期,未改装
中古マンション等,13116,東京都,豊島区,南池袋,18878232,24.93,757249,１Ｋ,平成28年,ＳＲＣ,住宅,準工業地域,2025年第４四半期,未改装
中古マンション等,13117,東京都,北区,赤羽,5574000,18.58,300000,１Ｋ,昭和63年,ＳＲＣ,住宅,準工業地域,2024年第２四半期,未改装
中古マンション等,13104,東京都,新宿区,高田馬場,18063787,18.12,996897,１Ｋ,平成16年,ＲＣ,住宅,商業地域,2025年第３四半期,未改装
中古マンション等,13103,東京都,港区,三田,20237177,19.16,1056220,１Ｋ,平成30年,軽量鉄骨造,住宅,商業地域,2024年第１四半期,未改装
中古マンション等,13113,東京都,渋谷区,渋谷,30011430,29.27,1025330,１Ｒ,平成10年,鉄骨造,住宅,準工業地域,2024年第３四半期,改装済
中古マンション等,13105,東京都,文京区,小石川,6677768,17.05,391658,１Ｋ,昭和60年,ＳＲＣ,住宅,商業地域,2025年第１四半期,未改装
中古マンション等,13109,東京都,品川区,東五反田,12259298,17.0,721135,１Ｒ,平成11年,ＲＣ,住宅,準工業地域,2024年第４四半期,未改装
中古マンション等,13115,東京都,杉並区,高円寺,14145477,27.57,513075,１Ｋ,平成1年,鉄骨造,住宅,準工業地域,2025年第４四半期,未改装
中古マンション等,13107,東京都,墨田区,錦糸町,20992578,29.2,718923,１Ｋ,平成29年,軽量鉄骨造,住宅,商業地域,2024年第１四半期,未改装
中古マンション等,13117,東京都,北区,赤羽,10921874,24.45,446702,１Ｒ,昭和61年,ＳＲＣ,住宅,準工業地域,2025年第１四半期,未改装
中古マンション等,13116,東京都,豊島区,大塚,19083549,22.59,844778,１Ｒ,平成25年,ＲＣ,住宅,準工業地域,2025年第３四半期,未改装
中古マンション等,13109,東京都,品川区,大井,23005726,29.57,778009,１Ｒ,平成27年,ＲＣ,住宅,商業地域,2025年第４四半期,改装済
中古マンション等,13107,東京都,墨田区,錦糸町,20912868,27.39,763522,１Ｋ,令和2年,ＳＲＣ,住宅,商業地域,2025年第２四半期,改装済
中古マンション等,13107,東京都,墨田区,錦糸町,8433000,28.11,300000,１Ｋ,昭和60年,ＲＣ,住宅,準工業地域,2025年第４四半期,未改装
中古マンション等,13104,東京都,新宿区,高田馬場,16689649,18.85,885392,１Ｋ,令和2年,鉄骨造,住宅,準工業地域,2025年第４四半期,改装済
中古マンション等,13103,東京都,港区,三田,25390525,27.19,933818,１Ｋ,平成7年,ＲＣ,住宅,準工業地域,2024年第２四半期,未改装
中古マンション等,13113,東京都,渋谷区,渋谷,21144042,25.07,843400,１Ｋ,平成6年,鉄骨造,住宅,準工業地域,2025年第１四半期,未改装
中古マンション等,13109,東京都,品川区,大井,17717543,29.72,596148,１Ｋ,平成12年,ＲＣ,住宅,準工業地域,2025年第１四半期,未改装
中古マンション等,13108,東京都,江東区,門前仲町,14511070,20.76,698991,１Ｋ,平成29年,ＳＲＣ,住宅,商業地域,2025年第１四半期,未改装
中古マンション等,13102,東京都,中央区,日本橋小網町,33399711,29.98,1114066,１Ｋ,平成28年,鉄骨造,住宅,準工業地域,2025年第３四半期,未改装
中古マンション等,13117,東京都,北区,赤羽,8972877,28.17,318525,１Ｋ,平成12年,ＲＣ,住宅,準工業地域,2025年第３四半期,改装済
中古マンション等,13109,東京都,品川区,大井,16727608,25.87,646602,１Ｒ,平成21年,ＲＣ,住宅,準工業地域,2024年第１四半期,改装済
中古マンション等,13102,東京都,中央区,日本橋小網町,17322791,20.65,838876,１Ｒ,平成3年,軽量鉄骨造,住宅,商業地域,2025年第４四半期,改装済
中古マンション等,13116,東京都,豊島区,南池袋,13772139,21.74,633493,１Ｋ,平成6年,軽量鉄骨造,住宅,準工業地域,2025年第２四半期,未改装
中古マンション等,13105,東京都,文京区,小石川,17887830,21.32,839016,１Ｒ,平成17年,軽量鉄骨造,住宅,準工業地域,2024年第１四半期,未改装
中古マンション等,13115,東京都,杉並区,荻窪,16933816,24.84,681715,１Ｋ,平成15年,ＳＲＣ,住宅,準工業地域,2024年第２四半期,未改装
中古マンション等,13119,東京都,板橋区,板橋,8595000,28.65,300000,１Ｋ,昭和62年,ＳＲＣ,住宅,商業地域,2025年第２四半期,未改装
中古マンション等,13115,東京都,杉並区,荻窪,10584196,23.44,451544,１Ｒ,平成8年,ＲＣ,住宅,準工業地域,2024年第３四半期,改装済
中古マンション等,13115,東京都,杉並区,高円寺,7526209,22.43,335542,１Ｒ,昭和60年,軽量鉄骨造,住宅,準工業地域,2024年第３四半期,改装済
中古マンション等,13106,東京都,台東区,上野,15824079,29.83,530475,１Ｋ,平成16年,鉄骨造,住宅,商業地域,2025年第３四半期,未改装
中古マンション等,13113,東京都,渋谷区,渋谷,17455157,19.32,903476,１Ｋ,平成19年,鉄骨造,住宅,商業地域,2025年第３四半期,改装済
中古マンション等,13102,東京都,中央区,日本橋小網町,23779906,28.11,845958,１Ｒ,昭和63年,鉄骨造,住宅,準工業地域,2024年第４四半期,未改装
中古マンション等,13106,東京都,台東区,上野,8122647,19.07,425938,１Ｒ,平成9年,ＲＣ,住宅,準工業地域,2024年第１四半期,未改装
中古マンション等,13109,東京都,品川区,東五反田,12207439,16.47,741192,１Ｋ,平成20年,軽量鉄骨造,住宅,商業地域,2024年第３四半期,未改装
中古マンション等,13106,東京都,台東区,上野,12436700,23.43,530802,１Ｒ,平成14年,鉄骨造,住宅,準工業地域,2025年第４四半期,未改装
中古マンション等,13119,東京都,板橋区,板橋,12155497,26.45,459565,１Ｋ,平成18年,ＲＣ,住宅,準工業地域,2025年第３四半期,未改装
中古マンション等,13105,東京都,文京区,小石川,15080919,21.12,714058,１Ｋ,平成22年,ＳＲＣ,住宅,準工業地域,2025年第１四半期,未改装
中古マンション等,13106,東京都,台東区,上野,7029059,17.52,401202,１Ｒ,平成11年,鉄骨造,住宅,準工業地域,2024年第４四半期,未改装
中古マンション等,13109,東京都,品川区,東五反田,20765535,28.73,722782,１Ｒ,平成16年,ＳＲＣ,住宅,商業地域,2024年第１四半期,未改装
中古マンション等,13109,東京都,品川区,大井,12182470,17.63,691007,１Ｋ,平成12年,軽量鉄骨造,住宅,準工業地域,2024年第３四半期,未改装
中古マンション等,13113,東京都,渋谷区,渋谷,27583351,27.67,996868,１Ｒ,平成23年,鉄骨造,住宅,商業地域,2025年第２四半期,改装済
中古マンション等,13109,東京都,品川区,東五反田,25483470,29.31,869446,１Ｋ,平成20年,鉄骨造,住宅,商業地域,2025年第１四半期,改装済
中古マンション等,13113,東京都,渋谷区,渋谷,33886374,29.29,1156926,１Ｋ,平成26年,ＲＣ,住宅,準工業地域,2024年第１四半期,改装済
中古マンション等,13117,東京都,北区,赤羽,6436463,19.41,331605,１Ｒ,平成5年,ＲＣ,住宅,準工業地域,2024年第４四半期,未改装
中古マンション等,13116,東京都,豊島区,南池袋,8221409,27.04,304046,１Ｋ,昭和60年,ＲＣ,住宅,準工業地域,2025年第１四半期,未改装
中古マンション等,13113,東京都,渋谷区,渋谷,20091231,25.25,795692,１Ｒ,昭和61年,鉄骨造,住宅,商業地域,2025年第１四半期,改装済
中古マンション等,13108,東京都,江東区,門前仲町,9754270,23.37,417384,１Ｋ,平成1年,鉄骨造,住宅,準工業地域,2024年第２四半期,未改装
中古マンション等,13115,東京都,杉並区,荻窪,8772000,29.24,300000,１Ｒ,昭和62年,鉄骨造,住宅,準工業地域,2024年第１四半期,改装済
中古マンション等,13109,東京都,品川区,大井,16086651,27.86,577410,１Ｒ,平成24年,軽量鉄骨造,住宅,準工業地域,2025年第４四半期,改装済
中古マンション等,13113,東京都,渋谷区,恵比寿,18489090,20.51,901467,１Ｒ,平成6年,鉄骨造,住宅,商業地域,2025年第１四半期,未改装
中古マンション等,13103,東京都,港区,三田,20614389,22.02,936166,１Ｒ,平成4年,ＲＣ,住宅,準工業地域,2024年第４四半期,未改装
中古マンション等,13109,東京都,品川区,東五反田,10980904,21.58,508846,１Ｋ,平成3年,ＲＣ,住宅,準工業地域,2025年第４四半期,改装済
中古マンション等,13113,東京都,渋谷区,恵比寿,15093821,17.31,871971,１Ｒ,平成3年,鉄骨造,住宅,準工業地域,2024年第１四半期,未改装
中古マンション等,13105,東京都,文京区,小石川,10300867,23.86,431721,１Ｒ,平成4年,軽量鉄骨造,住宅,準工業地域,2024年第１四半期,未改装
中古マンション等,13103,東京都,港区,三田,20372191,20.37,1000107,１Ｋ,平成3年,ＲＣ,住宅,商業地域,2025年第４四半期,改装済
中古マンション等,13113,東京都,渋谷区,渋谷,21439553,20.9,1025815,１Ｋ,令和2年,軽量鉄骨造,住宅,準工業地域,2024年第１四半期,未改装
中古マンション等,13115,東京都,杉並区,高円寺,10328289,16.41,629389,１Ｒ,平成14年,鉄骨造,住宅,準工業地域,2025年第２四半期,改装済
中古マンション等,13116,東京都,豊島区,南池袋,19596385,23.93,818904,１Ｒ,平成22年,ＳＲＣ,住宅,準工業地域,2024年第４四半期,未改装
中古マンション等,13109,東京都,品川区,東五反田,16939928,20.77,815595,１Ｋ,平成20年,鉄骨造,住宅,準工業地域,2024年第２四半期,未改装
中古マンション等,13116,東京都,豊島区,南池袋,6722317,18.2,369358,１Ｒ,昭和63年,軽量鉄骨造,住宅,準工業地域,2025年第３四半期,改装済
中古マンション等,13111,東京都,大田区,蒲田,7972205,17.59,453223,１Ｋ,平成24年,軽量鉄骨造,住宅,準工業地域,2025年第１四半期,改装済
中古マンション等,13107,東京都,墨田区,錦糸町,11632105,29.78,390601,１Ｋ,昭和63年,ＲＣ,住宅,準工業地域,2025年第１四半期,未改装
中古マンション等,13104,東京都,新宿区,西新宿,20620131,22.96,898089,１Ｋ,平成24年,軽量鉄骨造,住宅,準工業地域,2024年第４四半期,未改装
中古マンション等,13106,東京都,台東区,上野,5103000,17.01,300000,１Ｋ,昭和62年,鉄骨造,住宅,準工業地域,2025年第３四半期,未改装
中古マンション等,13108,東京都,江東区,門前仲町,12897970,20.05,643290,１Ｋ,平成22年,鉄骨造,住宅,商業地域,2025年第４四半期,未改装
中古マンション等,13106,東京都,台東区,上野,7712103,17.23,447597,１Ｋ,平成3年,軽量鉄骨造,住宅,準工業地域,2025年第２四半期,改装済
中古マンション等,13116,東京都,豊島区,大塚,10023722,17.07,587212,１Ｋ,平成4年,ＲＣ,住宅,準工業地域,2025年第２四半期,未改装
中古マンション等,13116,東京都,豊島区,南池袋,9185488,19.31,475685,１Ｋ,平成6年,ＳＲＣ,住宅,商業地域,2025年第４四半期,未改装
中古マンション等,13102,東京都,中央区,日本橋小網町,28443276,26.64,1067690,１Ｒ,平成25年,鉄骨造,住宅,準工業地域,2025年第２四半期,改装済
中古マンション等,13113,東京都,渋谷区,恵比寿,22253183,22.56,986399,１Ｋ,平成16年,ＳＲＣ,住宅,商業地域,2025年第４四半期,改装済
中古マンション等,13106,東京都,台東区,上野,8292000,27.64,300000,１Ｒ,平成1年,ＳＲＣ,住宅,準工業地域,2025年第３四半期,未改装
中古マンション等,13105,東京都,文京区,小石川,10887160,29.36,370816,１Ｒ,昭和62年,鉄骨造,住宅,準工業地域,2024年第３四半期,未改装
中古マンション等,13109,東京都,品川区,東五反田,13586419,17.45,778591,１Ｒ,平成18年,ＳＲＣ,住宅,準工業地域,2024年第３四半期,改装済
中古マンション等,13109,東京都,品川区,東五反田,24129024,29.87,807801,１Ｋ,平成30年,鉄骨造,住宅,商業地域,2025年第２四半期,未改装
中古マンション等,13104,東京都,新宿区,高田馬場,22008543,27.05,813624,１Ｋ,平成18年,ＳＲＣ,住宅,準工業地域,2025年第３四半期,改装済
中古マンション等,13103,東京都,港区,三田,33895140,28.23,1200678,１Ｒ,平成18年,鉄骨造,住宅,準工業地域,2025年第３四半期,改装済
中古マンション等,13113,東京都,渋谷区,恵比寿,21963129,20.33,1080331,１Ｒ,平成21年,鉄骨造,住宅,準工業地域,2024年第２四半期,未改装
中古マンション等,13108,東京都,江東区,門前仲町,6936000,23.12,300000,１Ｋ,昭和61年,軽量鉄骨造,住宅,商業地域,2024年第３四半期,改装済
中古マンション等,13119,東京都,板橋区,板橋,8346000,27.82,300000,１Ｋ,平成3年,ＳＲＣ,住宅,準工業地域,2024年第３四半期,未改装
中古マンション等,13116,東京都,豊島区,南池袋,8853957,18.27,484617,１Ｋ,平成7年,ＲＣ,住宅,準工業地域,2025年第１四半期,未改装
中古マンション等,13109,東京都,品川区,東五反田,11965109,19.28,620596,１Ｋ,平成12年,軽量鉄骨造,住宅,準工業地域,2024年第４四半期,未改装
中古マンション等,13102,東京都,中央区,日本橋小網町,30945637,29.78,1039141,１Ｋ,平成26年,軽量鉄骨造,住宅,準工業地域,2024年第４四半期,未改装
中古マンション等,13116,東京都,豊島区,南池袋,8466000,28.22,300000,１Ｒ,昭和63年,鉄骨造,住宅,準工業地域,2024年第２四半期,未改装
中古マンション等,13111,東京都,大田区,蒲田,13041253,27.92,467093,１Ｋ,平成15年,ＲＣ,住宅,準工業地域,2024年第２四半期,未改装
中古マンション等,13115,東京都,杉並区,荻窪,16286048,27.43,593731,１Ｒ,平成19年,軽量鉄骨造,住宅,商業地域,2025年第２四半期,改装済
中古マンション等,13113,東京都,渋谷区,恵比寿,15148949,21.25,712891,１Ｒ,昭和61年,鉄骨造,住宅,準工業地域,2024年第３四半期,改装済
中古マンション等,13109,東京都,品川区,大井,15642960,25.75,607493,１Ｒ,平成5年,軽量鉄骨造,住宅,準工業地域,2024年第１四半期,未改装
中古マンション等,13104,東京都,新宿区,西新宿,10266329,19.58,524327,１Ｋ,平成6年,ＳＲＣ,住宅,準工業地域,2024年第４四半期,未改装
中古マンション等,13104,東京都,新宿区,高田馬場,16813076,19.34,869342,１Ｋ,平成26年,軽量鉄骨造,住宅,準工業地域,2024年第１四半期,未改装
中古マンション等,13102,東京都,中央区,日本橋小網町,15057598,19.39,776565,１Ｋ,平成6年,軽量鉄骨造,住宅,商業地域,2024年第２四半期,未改装
中古マンション等,13106,東京都,台東区,上野,13075374,16.95,771408,１Ｋ,平成30年,ＳＲＣ,住宅,商業地域,2025年第４四半期,改装済
中古マンション等,13107,東京都,墨田区,錦糸町,13688146,29.73,460415,１Ｋ,平成13年,ＲＣ,住宅,準工業地域,2024年第２四半期,未改装
中古マンション等,13117,東京都,北区,赤羽,6969621,17.87,390017,１Ｋ,平成19年,ＲＣ,住宅,準工業地域,2025年第４四半期,未改装
中古マンション等,13109,東京都,品川区,大井,18024087,24.84,725607,１Ｋ,平成5年,鉄骨造,住宅,商業地域,2024年第４四半期,未改装
中古マンション等,13117,東京都,北区,赤羽,19500685,29.07,670818,１Ｋ,平成29年,軽量鉄骨造,住宅,商業地域,2024年第４四半期,改装済
中古マンション等,13104,東京都,新宿区,高田馬場,22382049,28.12,795947,１Ｋ,平成18年,軽量鉄骨造,住宅,準工業地域,2025年第３四半期,未改装
中古マンション等,13116,東京都,豊島区,大塚,21098523,22.95,919325,１Ｋ,平成28年,鉄骨造,住宅,準工業地域,2025年第３四半期,改装済
中古マンション等,13103,東京都,港区,三田,25965500,29.93,867540,１Ｋ,平成8年,鉄骨造,住宅,商業地域,2025年第３四半期,改装済
中古マンション等,13109,東京都,品川区,東五反田,9815436,20.92,469189,１Ｒ,昭和62年,鉄骨造,住宅,準工業地域,2025年第３四半期,改装済
中古マンション等,13104,東京都,新宿区,高田馬場,12831614,17.05,752587,１Ｒ,平成22年,ＳＲＣ,住宅,商業地域,2025年第４四半期,改装済
中古マンション等,13113,東京都,渋谷区,恵比寿,21848800,19.3,1132062,１Ｋ,平成20年,ＳＲＣ,住宅,準工業地域,2025年第４四半期,未改装
中古マンション等,13106,東京都,台東区,上野,6848599,22.22,308217,１Ｋ,平成1年,鉄骨造,住宅,商業地域,2024年第２四半期,改装済
中古マンション等,13116,東京都,豊島区,大塚,13862896,22.99,602996,１Ｒ,平成21年,ＳＲＣ,住宅,商業地域,2025年第１四半期,未改装
中古マンション等,13114,東京都,中野区,中野,12304014,29.95,410818,１Ｋ,平成15年,ＲＣ,住宅,準工業地域,2025年第４四半期,改装済
中古マンション等,13109,東京都,品川区,東五反田,11060046,29.96,369160,１Ｒ,平成17年,ＳＲＣ,住宅,準工業地域,2025年第１四半期,未改装
中古マンション等,13116,東京都,豊島区,大塚,13876439,25.97,534325,１Ｋ,平成8年,ＲＣ,住宅,準工業地域,2024年第４四半期,未改装
中古マンション等,13104,東京都,新宿区,西新宿,15392467,21.05,731233,１Ｋ,平成20年,ＲＣ,住宅,準工業地域,2024年第２四半期,改装済
中古マンション等,13107,東京都,墨田区,錦糸町,13825183,29.99,460993,１Ｒ,平成27年,ＳＲＣ,住宅,商業地域,2025年第２四半期,未改装
中古マンション等,13109,東京都,品川区,東五反田,18882438,22.52,838474,１Ｋ,平成30年,ＲＣ,住宅,準工業地域,2024年第３四半期,未改装
中古マンション等,13104,東京都,新宿区,高田馬場,27649199,27.64,1000332,１Ｋ,平成30年,ＲＣ,住宅,商業地域,2025年第１四半期,未改装
中古マンション等,13115,東京都,杉並区,高円寺,14422285,18.75,769188,１Ｋ,令和2年,鉄骨造,住宅,準工業地域,2024年第２四半期,未改装
中古マンション等,13116,東京都,豊島区,大塚,13225884,24.29,544499,１Ｒ,平成6年,鉄骨造,住宅,準工業地域,2024年第１四半期,未改装
中古マンション等,13104,東京都,新宿区,西新宿,15171524,17.14,885153,１Ｒ,平成13年,軽量鉄骨造,住宅,準工業地域,2024年第１四半期,未改装
中古マンション等,13105,東京都,文京区,小石川,11400242,20.06,568307,１Ｒ,平成16年,鉄骨造,住宅,準工業地域,2024年第１四半期,改装済
中古マンション等,13108,東京都,江東区,門前仲町,10828019,22.78,475330,１Ｋ,平成10年,ＲＣ,住宅,商業地域,2025年第２四半期,未改装
中古マンション等,13106,東京都,台東区,上野,14060473,29.66,474055,１Ｋ,平成5年,ＲＣ,住宅,準工業地域,2025年第１四半期,未改装
中古マンション等,13116,東京都,豊島区,南池袋,8089295,17.36,465973,１Ｒ,平成15年,軽量鉄骨造,住宅,商業地域,2024年第３四半期,未改装
中古マンション等,13102,東京都,中央区,日本橋小網町,21497833,26.1,823671,１Ｋ,平成9年,軽量鉄骨造,住宅,準工業地域,2025年第４四半期,改装済
中古マンション等,13107,東京都,墨田区,錦糸町,7684541,23.08,332952,１Ｋ,平成12年,鉄骨造,住宅,商業地域,2025年第１四半期,未改装
中古マンション等,13109,東京都,品川区,大井,10617543,20.0,530877,１Ｒ,昭和60年,鉄骨造,住宅,準工業地域,2025年第２四半期,改装済
中古マンション等,13104,東京都,新宿区,高田馬場,15035469,23.98,627000,１Ｋ,平成9年,鉄骨造,住宅,商業地域,2025年第４四半期,未改装
中古マンション等,13115,東京都,杉並区,高円寺,11437243,27.55,415144,１Ｋ,平成4年,鉄骨造,住宅,準工業地域,2025年第２四半期,未改装
中古マンション等,13114,東京都,中野区,中野,15943330,24.43,652612,１Ｋ,平成22年,ＳＲＣ,住宅,商業地域,2025年第２四半期,未改装
中古マンション等,13111,東京都,大田区,蒲田,16392147,22.4,731792,１Ｋ,平成29年,軽量鉄骨造,住宅,準工業地域,2025年第１四半期,未改装
中古マンション等,13111,東京都,大田区,蒲田,21697752,27.6,786150,１Ｋ,令和1年,鉄骨造,住宅,準工業地域,2024年第１四半期,未改装
中古マンション等,13113,東京都,渋谷区,渋谷,29558012,29.72,994549,１Ｒ,平成16年,ＳＲＣ,住宅,準工業地域,2025年第１四半期,未改装
中古マンション等,13102,東京都,中央区,日本橋小網町,13300777,24.09,552128,１Ｋ,昭和63年,ＲＣ,住宅,準工業地域,2025年第３四半期,改装済
中古マンション等,13115,東京都,杉並区,荻窪,6957584,16.44,423210,１Ｋ,平成4年,軽量鉄骨造,住宅,準工業地域,2025年第３四半期,未改装
中古マンション等,13103,東京都,港区,三田,27632676,28.89,956478,１Ｒ,昭和63年,ＲＣ,住宅,準工業地域,2025年第４四半期,未改装
中古マンション等,13117,東京都,北区,赤羽,18984291,29.39,645943,１Ｋ,平成26年,鉄骨造,住宅,準工業地域,2024年第４四半期,未改装
中古マンション等,13115,東京都,杉並区,高円寺,9999779,23.81,419982,１Ｒ,平成11年,鉄骨造,住宅,準工業地域,2024年第４四半期,未改装
中古マンション等,13109,東京都,品川区,大井,10571294,20.44,517186,１Ｒ,平成19年,鉄骨造,住宅,商業地域,2025年第３四半期,未改装
中古マンション等,13107,東京都,墨田区,錦糸町,8238000,27.46,300000,１Ｋ,平成6年,鉄骨造,住宅,準工業地域,2024年第２四半期,未改装
中古マンション等,13109,東京都,品川区,東五反田,21959272,25.18,872091,１Ｋ,平成27年,鉄骨造,住宅,商業地域,2024年第４四半期,改装済
中古マンション等,13111,東京都,大田区,蒲田,10553958,19.16,550832,１Ｋ,平成11年,軽量鉄骨造,住宅,商業地域,2025年第４四半期,改装済
中古マンション等,13116,東京都,豊島区,南池袋,13628509,16.07,848071,１Ｒ,令和2年,軽量鉄骨造,住宅,準工業地域,2024年第４四半期,未改装
中古マンション等,13119,東京都,板橋区,板橋,6150000,20.5,300000,１Ｒ,昭和63年,ＳＲＣ,住宅,準工業地域,2024年第４四半期,未改装
中古マンション等,13104,東京都,新宿区,高田馬場,15435797,28.79,536151,１Ｒ,平成8年,ＳＲＣ,住宅,準工業地域,2025年第３四半期,未改装
中古マンション等,13116,東京都,豊島区,大塚,19796763,29.11,680067,１Ｒ,平成15年,ＳＲＣ,住宅,商業地域,2024年第２四半期,未改装
中古マンション等,13117,東京都,北区,赤羽,8404692,19.98,420655,１Ｋ,令和1年,軽量鉄骨造,住宅,商業地域,2024年第２四半期,未改装
中古マンション等,13109,東京都,品川区,東五反田,14297337,25.08,570069,１Ｋ,平成8年,鉄骨造,住宅,準工業地域,2024年第４四半期,改装済
中古マンション等,13107,東京都,墨田区,錦糸町,16724491,27.58,606399,１Ｋ,平成29年,ＲＣ,住宅,準工業地域,2024年第４四半期,改装済
中古マンション等,13107,東京都,墨田区,錦糸町,10872120,19.3,563322,１Ｒ,平成14年,鉄骨造,住宅,準工業地域,2024年第１四半期,改装済
中古マンション等,13106,東京都,台東区,上野,9013671,25.7,350726,１Ｋ,昭和63年,鉄骨造,住宅,準工業地域,2025年第１四半期,未改装
中古マンション等,13115,東京都,杉並区,荻窪,5721000,19.07,300000,１Ｋ,平成5年,軽量鉄骨造,住宅,準工業地域,2025年第２四半期,未改装
中古マンション等,13105,東京都,文京区,小石川,28433952,28.78,987976,１Ｒ,令和1年,ＳＲＣ,住宅,準工業地域,2025年第２四半期,改装済
中古マンション等,13102,東京都,中央区,日本橋小網町,16041293,17.57,912993,１Ｒ,令和2年,ＲＣ,住宅,準工業地域,2024年第３四半期,改装済
中古マンション等,13111,東京都,大田区,蒲田,7369134,22.19,332092,１Ｒ,平成10年,軽量鉄骨造,住宅,準工業地域,2025年第４四半期,改装済
中古マンション等,13108,東京都,江東区,門前仲町,6720000,22.4,300000,１Ｋ,昭和63年,鉄骨造,住宅,準工業地域,2025年第３四半期,改装済
中古マンション等,13104,東京都,新宿区,西新宿,18672370,26.44,706216,１Ｋ,平成1年,ＳＲＣ,住宅,準工業地域,2024年第２四半期,未改装
中古マンション等,13109,東京都,品川区,大井,13280291,16.44,807803,１Ｋ,平成23年,ＲＣ,住宅,準工業地域,2025年第３四半期,未改装
中古マンション等,13107,東京都,墨田区,錦糸町,10035388,22.28,450421,１Ｒ,平成21年,ＲＣ,住宅,準工業地域,2025年第２四半期,改装済
中古マンション等,13105,東京都,文京区,小石川,15538253,21.5,722709,１Ｒ,平成5年,ＲＣ,住宅,準工業地域,2024年第１四半期,未改装
中古マンション等,13109,東京都,品川区,東五反田,20120951,25.43,791228,１Ｋ,令和1年,軽量鉄骨造,住宅,商業地域,2025年第１四半期,改装済
中古マンション等,13113,東京都,渋谷区,渋谷,17713566,16.45,1076812,１Ｒ,平成23年,ＳＲＣ,住宅,商業地域,2024年第２四半期,改装済
中古マンション等,13104,東京都,新宿区,高田馬場,13505641,22.25,606995,１Ｋ,昭和63年,ＲＣ,住宅,準工業地域,2024年第１四半期,改装済
中古マンション等,13119,東京都,板橋区,板橋,8484455,19.28,440065,１Ｋ,平成17年,鉄骨造,住宅,商業地域,2024年第３四半期,未改装
中古マンション等,13111,東京都,大田区,蒲田,7787264,19.09,407923,１Ｋ,平成16年,ＲＣ,住宅,準工業地域,2025年第３四半期,未改装
中古マンション等,13104,東京都,新宿区,高田馬場,29135291,29.61,983967,１Ｒ,平成21年,鉄骨造,住宅,準工業地域,2025年第３四半期,改装済
中古マンション等,13107,東京都,墨田区,錦糸町,9027324,18.57,486124,１Ｋ,令和1年,ＲＣ,住宅,準工業地域,2024年第１四半期,未改装
中古マンション等,13108,東京都,江東区,門前仲町,10191717,23.8,428223,１Ｋ,平成5年,鉄骨造,住宅,商業地域,2024年第２四半期,未改装
中古マンション等,13106,東京都,台東区,上野,10482136,17.29,606254,１Ｒ,平成9年,ＳＲＣ,住宅,準工業地域,2024年第４四半期,未改装
中古マンション等,13102,東京都,中央区,日本橋小網町,29301975,26.14,1120963,１Ｋ,令和2年,ＲＣ,住宅,準工業地域,2025年第２四半期,未改装
中古マンション等,13104,東京都,新宿区,西新宿,14465500,18.97,762546,１Ｒ,平成9年,軽量鉄骨造,住宅,準工業地域,2024年第４四半期,未改装
中古マンション等,13115,東京都,杉並区,荻窪,11964873,23.73,504208,１Ｋ,平成15年,鉄骨造,住宅,商業地域,2025年第２四半期,未改装
中古マンション等,13109,東京都,品川区,大井,18836049,22.52,836414,１Ｋ,平成27年,鉄骨造,住宅,準工業地域,2024年第４四半期,未改装
中古マンション等,13104,東京都,新宿区,西新宿,15609375,19.65,794370,１Ｋ,平成23年,ＲＣ,住宅,商業地域,2025年第３四半期,未改装
中古マンション等,13115,東京都,杉並区,荻窪,12494044,22.99,543455,１Ｒ,平成18年,軽量鉄骨造,住宅,準工業地域,2025年第２四半期,改装済
中古マンション等,13105,東京都,文京区,小石川,25431747,22.84,1113474,１Ｒ,令和1年,ＳＲＣ,住宅,準工業地域,2024年第２四半期,未改装
中古マンション等,13104,東京都,新宿区,高田馬場,25997111,26.7,973674,１Ｋ,平成23年,ＲＣ,住宅,商業地域,2025年第４四半期,未改装
中古マンション等,13103,東京都,港区,三田,32093026,24.93,1287325,１Ｒ,平成27年,ＳＲＣ,住宅,商業地域,2025年第３四半期,改装済
中古マンション等,13111,東京都,大田区,蒲田,16355578,26.11,626410,１Ｒ,令和1年,軽量鉄骨造,住宅,準工業地域,2024年第３四半期,改装済
中古マンション等,13113,東京都,渋谷区,渋谷,20944787,23.34,897377,１Ｋ,平成12年,鉄骨造,住宅,準工業地域,2025年第１四半期,未改装
中古マンション等,13113,東京都,渋谷区,恵比寿,20112507,21.22,947809,１Ｒ,平成22年,鉄骨造,住宅,準工業地域,2024年第２四半期,未改装
中古マンション等,13104,東京都,新宿区,高田馬場,15181231,17.31,877020,１Ｋ,平成21年,軽量鉄骨造,住宅,商業地域,2024年第１四半期,未改装
中古マンション等,13113,東京都,渋谷区,恵比寿,22746449,23.0,988976,１Ｒ,平成24年,ＳＲＣ,住宅,準工業地域,2024年第１四半期,改装済
中古マンション等,13102,東京都,中央区,日本橋小網町,14120553,22.66,623148,１Ｒ,昭和62年,鉄骨造,住宅,準工業地域,2024年第１四半期,改装済
中古マンション等,13117,東京都,北区,赤羽,4866000,16.22,300000,１Ｒ,平成10年,軽量鉄骨造,住宅,準工業地域,2025年第１四半期,改装済
中古マンション等,13115,東京都,杉並区,荻窪,11992041,23.93,501130,１Ｒ,平成21年,鉄骨造,住宅,商業地域,2024年第３四半期,未改装
中古マンション等,13113,東京都,渋谷区,恵比寿,24969531,23.01,1085160,１Ｒ,平成19年,鉄骨造,住宅,準工業地域,2025年第３四半期,未改装
中古マンション等,13117,東京都,北区,赤羽,7540175,16.41,459486,１Ｒ,平成14年,軽量鉄骨造,住宅,準工業地域,2025年第２四半期,未改装
中古マンション等,13107,東京都,墨田区,錦糸町,14932337,22.05,677203,１Ｒ,平成21年,ＳＲＣ,住宅,商業地域,2024年第３四半期,未改装
中古マンション等,13116,東京都,豊島区,南池袋,17956439,26.36,681200,１Ｋ,平成17年,ＳＲＣ,住宅,商業地域,2025年第１四半期,未改装
中古マンション等,13115,東京都,杉並区,高円寺,7004075,17.43,401840,１Ｋ,平成2年,軽量鉄骨造,住宅,商業地域,2024年第２四半期,未改装
中古マンション等,13113,東京都,渋谷区,恵比寿,25841509,24.36,1060817,１Ｒ,平成17年,ＳＲＣ,住宅,商業地域,2025年第３四半期,未改装
中古マンション等,13105,東京都,文京区,小石川,18496809,28.67,645162,１Ｋ,平成12年,ＲＣ,住宅,商業地域,2025年第１四半期,未改装
中古マンション等,13113,東京都,渋谷区,恵比寿,16457684,18.34,897365,１Ｋ,平成14年,軽量鉄骨造,住宅,準工業地域,2025年第２四半期,改装済
中古マンション等,13115,東京都,杉並区,荻窪,16101754,26.09,617161,１Ｋ,平成28年,鉄骨造,住宅,商業地域,2025年第３四半期,未改装
中古マンション等,13103,東京都,港区,三田,22073240,21.32,1035330,１Ｋ,平成18年,軽量鉄骨造,住宅,準工業地域,2024年第３四半期,未改装
中古マンション等,13103,東京都,港区,三田,26392559,29.26,902001,１Ｋ,平成9年,鉄骨造,住宅,商業地域,2025年第４四半期,未改装
中古マンション等,13115,東京都,杉並区,荻窪,10531335,20.56,512224,１Ｒ,平成14年,軽量鉄骨造,住宅,商業地域,2024年第４四半期,未改装
中古マンション等,13105,東京都,文京区,小石川,20351398,18.52,1098887,１Ｒ,令和2年,ＲＣ,住宅,準工業地域,2025年第１四半期,未改装
中古マンション等,13113,東京都,渋谷区,恵比寿,29094302,27.47,1059130,１Ｒ,平成23年,ＲＣ,住宅,準工業地域,2024年第４四半期,改装済
中古マンション等,13116,東京都,豊島区,南池袋,24226464,26.01,931428,１Ｋ,平成21年,軽量鉄骨造,住宅,準工業地域,2025年第３四半期,未改装
中古マンション等,13106,東京都,台東区,上野,23627542,25.82,915086,１Ｋ,令和1年,ＳＲＣ,住宅,商業地域,2024年第４四半期,未改装
中古マンション等,13106,東京都,台東区,上野,5499000,18.33,300000,１Ｒ,昭和62年,鉄骨造,住宅,準工業地域,2025年第３四半期,改装済
中古マンション等,13113,東京都,渋谷区,渋谷,20568056,19.62,1048320,１Ｒ,平成29年,ＲＣ,住宅,準工業地域,2025年第３四半期,未改装
中古マンション等,13102,東京都,中央区,日本橋小網町,19649566,25.67,765468,１Ｋ,平成6年,軽量鉄骨造,住宅,準工業地域,2024年第２四半期,改装済
中古マンション等,13116,東京都,豊島区,南池袋,13372559,20.88,640448,１Ｋ,平成18年,ＲＣ,住宅,準工業地域,2025年第２四半期,未改装
中古マンション等,13109,東京都,品川区,東五反田,20118914,26.11,770544,１Ｒ,平成25年,ＳＲＣ,住宅,商業地域,2025年第２四半期,未改装
中古マンション等,13116,東京都,豊島区,大塚,18187033,29.02,626706,１Ｋ,平成12年,ＲＣ,住宅,商業地域,2025年第３四半期,未改装
中古マンション等,13115,東京都,杉並区,荻窪,13284775,27.17,488950,１Ｋ,平成8年,ＲＣ,住宅,準工業地域,2025年第３四半期,未改装
中古マンション等,13114,東京都,中野区,中野,9493151,18.88,502815,１Ｋ,平成1年,ＲＣ,住宅,商業地域,2024年第４四半期,未改装
中古マンション等,13115,東京都,杉並区,高円寺,13491947,25.39,531388,１Ｋ,平成28年,軽量鉄骨造,住宅,準工業地域,2025年第２四半期,未改装
中古マンション等,13109,東京都,品川区,東五反田,16589213,24.64,673263,１Ｒ,平成16年,ＳＲＣ,住宅,準工業地域,2025年第２四半期,改装済
中古マンション等,13119,東京都,板橋区,板橋,7133413,17.64,404388,１Ｋ,平成20年,ＲＣ,住宅,準工業地域,2025年第３四半期,改装済
中古マンション等,13105,東京都,文京区,小石川,13880511,25.71,539887,１Ｋ,平成8年,軽量鉄骨造,住宅,商業地域,2024年第３四半期,未改装
中古マンション等,13109,東京都,品川区,東五反田,20819172,24.67,843906,１Ｋ,平成19年,軽量鉄骨造,住宅,準工業地域,2025年第４四半期,未改装
中古マンション等,13109,東京都,品川区,大井,16838282,21.82,771690,１Ｋ,平成25年,ＳＲＣ,住宅,準工業地域,2024年第４四半期,改装済
中古マンション等,13115,東京都,杉並区,高円寺,10922247,19.15,570352,１Ｒ,平成15年,軽量鉄骨造,住宅,準工業地域,2024年第２四半期,未改装
中古マンション等,13115,東京都,杉並区,高円寺,18050821,26.85,672283,１Ｋ,平成20年,ＳＲＣ,住宅,準工業地域,2025年第４四半期,未改装
中古マンション等,13108,東京都,江東区,門前仲町,6402070,17.43,367301,１Ｋ,平成12年,鉄骨造,住宅,準工業地域,2024年第２四半期,未改装
中古マンション等,13113,東京都,渋谷区,渋谷,33967887,26.86,1264627,１Ｋ,平成12年,鉄骨造,住宅,準工業地域,2025年第３四半期,改装済
中古マンション等,13116,東京都,豊島区,南池袋,15393794,26.99,570351,１Ｋ,平成10年,ＲＣ,住宅,商業地域,2025年第１四半期,改装済
中古マンション等,13115,東京都,杉並区,高円寺,16479642,29.33,561869,１Ｒ,平成29年,ＳＲＣ,住宅,商業地域,2025年第３四半期,未改装
中古マンション等,13115,東京都,杉並区,高円寺,10692261,28.14,379966,１Ｋ,平成5年,鉄骨造,住宅,準工業地域,2025年第３四半期,未改装
中古マンション等,13102,東京都,中央区,日本橋小網町,23138001,24.85,931106,１Ｋ,平成23年,ＳＲＣ,住宅,準工業地域,2024年第２四半期,未改装
中古マンション等,13115,東京都,杉並区,高円寺,11962904,25.73,464939,１Ｋ,平成20年,ＳＲＣ,住宅,準工業地域,2025年第４四半期,未改装
中古マンション等,13106,東京都,台東区,上野,22612848,27.9,810496,１Ｋ,令和1年,軽量鉄骨造,住宅,準工業地域,2025年第４四半期,改装済
中古マンション等,13119,東京都,板橋区,板橋,6219000,20.73,300000,１Ｋ,平成5年,ＳＲＣ,住宅,商業地域,2025年第４四半期,改装済
中古マンション等,13116,東京都,豊島区,大塚,7174493,22.18,323466,１Ｒ,昭和60年,軽量鉄骨造,住宅,商業地域,2024年第３四半期,未改装
中古マンション等,13119,東京都,板橋区,板橋,8253613,18.23,452748,１Ｋ,平成14年,ＲＣ,住宅,商業地域,2025年第１四半期,未改装
中古マンション等,13115,東京都,杉並区,荻窪,9075282,22.01,412325,１Ｒ,平成2年,ＳＲＣ,住宅,商業地域,2024年第２四半期,改装済
中古マンション等,13115,東京都,杉並区,荻窪,18382631,23.27,789971,１Ｒ,平成25年,軽量鉄骨造,住宅,準工業地域,2025年第４四半期,改装済
中古マンション等,13107,東京都,墨田区,錦糸町,6054658,17.25,350994,１Ｋ,平成3年,鉄骨造,住宅,準工業地域,2024年第３四半期,未改装
中古マンション等,13116,東京都,豊島区,南池袋,14863444,24.98,595013,１Ｒ,平成6年,ＲＣ,住宅,準工業地域,2024年第４四半期,未改装
中古マンション等,13116,東京都,豊島区,南池袋,21938482,28.88,759642,１Ｒ,平成25年,ＳＲＣ,住宅,準工業地域,2024年第３四半期,未改装
中古マンション等,13102,東京都,中央区,日本橋小網町,26707613,26.22,1018596,１Ｋ,平成19年,鉄骨造,住宅,準工業地域,2024年第４四半期,未改装
中古マンション等,13103,東京都,港区,三田,26520483,26.1,1016110,１Ｒ,平成15年,ＳＲＣ,住宅,準工業地域,2025年第１四半期,改装済
中古マンション等,13103,東京都,港区,三田,25686885,23.13,1110544,１Ｒ,平成22年,ＲＣ,住宅,準工業地域,2024年第２四半期,改装済
中古マンション等,13103,東京都,港区,三田,14477831,16.99,852138,１Ｒ,昭和60年,鉄骨造,住宅,商業地域,2025年第３四半期,未改装
中古マンション等,13116,東京都,豊島区,大塚,12144470,26.68,455190,１Ｋ,平成1年,ＳＲＣ,住宅,準工業地域,2025年第３四半期,未改装
中古マンション等,13111,東京都,大田区,蒲田,14116425,26.74,527914,１Ｒ,平成24年,ＳＲＣ,住宅,準工業地域,2024年第３四半期,改装済
中古マンション等,13119,東京都,板橋区,板橋,6559277,17.11,383359,１Ｋ,平成10年,ＳＲＣ,住宅,商業地域,2025年第３四半期,未改装
中古マンション等,13115,東京都,杉並区,荻窪,5894617,16.81,350661,１Ｒ,平成2年,ＳＲＣ,住宅,準工業地域,2024年第１四半期,未改装
中古マンション等,13116,東京都,豊島区,大塚,7917065,17.67,448051,１Ｒ,平成5年,鉄骨造,住宅,商業地域,2024年第３四半期,未改装
中古マンション等,13115,東京都,杉並区,高円寺,8585322,26.26,326935,１Ｒ,平成4年,ＳＲＣ,住宅,商業地域,2025年第３四半期,改装済
中古マンション等,13113,東京都,渋谷区,恵比寿,12761631,19.68,648456,１Ｋ,平成1年,ＲＣ,住宅,商業地域,2025年第１四半期,未改装
中古マンション等,13102,東京都,中央区,日本橋小網町,19255387,25.44,756894,１Ｋ,平成4年,ＳＲＣ,住宅,商業地域,2024年第１四半期,改装済
中古マンション等,13109,東京都,品川区,大井,14509929,21.1,687674,１Ｋ,平成6年,軽量鉄骨造,住宅,商業地域,2024年第４四半期,未改装
中古マンション等,13117,東京都,北区,赤羽,9844050,19.8,497174,１Ｋ,平成1年,ＳＲＣ,住宅,準工業地域,2024年第１四半期,改装済
中古マンション等,13111,東京都,大田区,蒲田,17889665,29.74,601535,１Ｋ,平成22年,鉄骨造,住宅,商業地域,2025年第４四半期,改装済
中古マンション等,13114,東京都,中野区,中野,11946496,20.08,594945,１Ｒ,平成16年,ＲＣ,住宅,準工業地域,2025年第４四半期,未改装
中古マンション等,13114,東京都,中野区,中野,19239561,26.25,732935,１Ｋ,令和1年,軽量鉄骨造,住宅,商業地域,2025年第２四半期,未改装
中古マンション等,13104,東京都,新宿区,西新宿,14513389,29.31,495168,１Ｒ,昭和60年,軽量鉄骨造,住宅,準工業地域,2025年第１四半期,改装済
中古マンション等,13111,東京都,大田区,蒲田,14192472,29.76,476897,１Ｒ,平成23年,鉄骨造,住宅,商業地域,2024年第４四半期,未改装
中古マンション等,13111,東京都,大田区,蒲田,10405602,21.78,477759,１Ｋ,平成20年,ＳＲＣ,住宅,準工業地域,2024年第３四半期,未改装
中古マンション等,13107,東京都,墨田区,錦糸町,5115000,17.05,300000,１Ｋ,昭和63年,鉄骨造,住宅,準工業地域,2025年第３四半期,未改装
中古マンション等,13117,東京都,北区,赤羽,10767379,20.45,526522,１Ｋ,平成14年,ＲＣ,住宅,商業地域,2024年第２四半期,改装済
中古マンション等,13116,東京都,豊島区,大塚,11297855,22.29,506857,１Ｒ,平成17年,ＲＣ,住宅,準工業地域,2025年第４四半期,改装済
中古マンション等,13113,東京都,渋谷区,渋谷,17557920,17.27,1016671,１Ｒ,平成16年,ＳＲＣ,住宅,商業地域,2025年第２四半期,改装済
中古マンション等,13115,東京都,杉並区,荻窪,13306725,29.56,450159,１Ｋ,平成22年,ＲＣ,住宅,商業地域,2025年第３四半期,未改装
中古マンション等,13105,東京都,文京区,小石川,18192772,26.47,687297,１Ｋ,平成12年,ＳＲＣ,住宅,準工業地域,2024年第３四半期,改装済
中古マンション等,13104,東京都,新宿区,高田馬場,23897759,27.63,864920,１Ｋ,平成11年,ＳＲＣ,住宅,準工業地域,2025年第１四半期,未改装
中古マンション等,13113,東京都,渋谷区,恵比寿,14750436,16.31,904379,１Ｋ,平成1年,軽量鉄骨造,住宅,準工業地域,2024年第２四半期,未改装
中古マンション等,13117,東京都,北区,赤羽,13887226,17.72,783703,１Ｋ,平成26年,軽量鉄骨造,住宅,準工業地域,2025年第３四半期,未改装
中古マンション等,13116,東京都,豊島区,大塚,12010983,20.96,573043,１Ｋ,平成8年,軽量鉄骨造,住宅,準工業地域,2024年第１四半期,未改装
中古マンション等,13103,東京都,港区,三田,16114692,19.44,828945,１Ｋ,平成15年,ＳＲＣ,住宅,商業地域,2024年第３四半期,未改装
中古マンション等,13111,東京都,大田区,蒲田,11878024,19.49,609441,１Ｒ,令和1年,軽量鉄骨造,住宅,準工業地域,2025年第２四半期,未改装
中古マンション等,13109,東京都,品川区,大井,17061275,20.82,819465,１Ｋ,平成29年,ＲＣ,住宅,商業地域,2025年第１四半期,改装済
中古マンション等,13109,東京都,品川区,大井,16609605,23.41,709508,１Ｒ,平成11年,ＳＲＣ,住宅,商業地域,2024年第４四半期,改装済
中古マンション等,13104,東京都,新宿区,高田馬場,12944774,26.7,484823,１Ｋ,平成11年,ＲＣ,住宅,商業地域,2025年第２四半期,未改装
中古マンション等,13106,東京都,台東区,上野,8640000,28.8,300000,１Ｒ,昭和61年,鉄骨造,住宅,準工業地域,2024年第３四半期,未改装
中古マンション等,13114,東京都,中野区,中野,17513476,27.71,632027,１Ｋ,平成28年,ＳＲＣ,住宅,商業地域,2024年第４四半期,改装済
中古マンション等,13109,東京都,品川区,大井,9569901,16.01,597745,１Ｒ,平成9年,鉄骨造,住宅,準工業地域,2025年第２四半期,改装済
中古マンション等,13116,東京都,豊島区,南池袋,12287142,24.21,507523,１Ｒ,平成6年,ＳＲＣ,住宅,商業地域,2025年第３四半期,未改装
中古マンション等,13117,東京都,北区,赤羽,6065999,20.22,300000,１Ｒ,平成5年,軽量鉄骨造,住宅,準工業地域,2025年第４四半期,未改装
中古マンション等,13116,東京都,豊島区,大塚,18393346,25.9,710167,１Ｒ,令和2年,ＲＣ,住宅,準工業地域,2024年第３四半期,未改装
中古マンション等,13119,東京都,板橋区,板橋,5334000,17.78,300000,１Ｒ,昭和60年,軽量鉄骨造,住宅,準工業地域,2024年第１四半期,改装済
中古マンション等,13117,東京都,北区,赤羽,10343500,28.89,358030,１Ｋ,平成11年,鉄骨造,住宅,準工業地域,2024年第４四半期,未改装
中古マンション等,13117,東京都,北区,赤羽,5505000,18.35,300000,１Ｒ,平成2年,鉄骨造,住宅,準工業地域,2025年第１四半期,改装済
中古マンション等,13113,東京都,渋谷区,恵比寿,16439308,20.91,786193,１Ｋ,平成3年,軽量鉄骨造,住宅,準工業地域,2025年第３四半期,未改装
中古マンション等,13107,東京都,墨田区,錦糸町,11027480,20.92,527126,１Ｋ,平成21年,軽量鉄骨造,住宅,準工業地域,2024年第４四半期,改装済
中古マンション等,13113,東京都,渋谷区,恵比寿,19566082,27.19,719605,１Ｒ,昭和62年,ＳＲＣ,住宅,商業地域,2025年第３四半期,改装済
中古マンション等,13113,東京都,渋谷区,恵比寿,20445683,23.66,864145,１Ｋ,平成2年,軽量鉄骨造,住宅,準工業地域,2025年第３四半期,未改装
中古マンション等,13116,東京都,豊島区,大塚,17626900,24.5,719465,１Ｋ,平成24年,ＲＣ,住宅,準工業地域,2025年第１四半期,未改装
中古マンション等,13119,東京都,板橋区,板橋,5799000,19.33,300000,１Ｋ,昭和63年,軽量鉄骨造,住宅,商業地域,2025年第２四半期,改装済
中古マンション等,13113,東京都,渋谷区,恵比寿,21872469,20.12,1087100,１Ｋ,平成27年,鉄骨造,住宅,準工業地域,2025年第４四半期,未改装
中古マンション等,13119,東京都,板橋区,板橋,14890470,26.99,551703,１Ｋ,平成27年,鉄骨造,住宅,商業地域,2025年第３四半期,改装済
中古マンション等,13107,東京都,墨田区,錦糸町,15018871,21.17,709441,１Ｋ,平成25年,鉄骨造,住宅,準工業地域,2024年第３四半期,未改装
中古マンション等,13113,東京都,渋谷区,渋谷,17437061,17.2,1013782,１Ｒ,平成19年,軽量鉄骨造,住宅,準工業地域,2024年第４四半期,未改装
中古マンション等,13107,東京都,墨田区,錦糸町,20070253,27.46,730890,１Ｒ,平成23年,ＲＣ,住宅,準工業地域,2024年第２四半期,未改装
中古マンション等,13104,東京都,新宿区,高田馬場,21494706,23.03,933335,１Ｒ,平成30年,ＲＣ,住宅,商業地域,2025年第４四半期,改装済
中古マンション等,13116,東京都,豊島区,大塚,17400166,29.61,587644,１Ｒ,平成9年,軽量鉄骨造,住宅,商業地域,2024年第３四半期,未改装
中古マンション等,13115,東京都,杉並区,高円寺,8657936,20.48,422750,１Ｋ,平成1年,軽量鉄骨造,住宅,準工業地域,2025年第１四半期,未改装
中古マンション等,13104,東京都,新宿区,西新宿,26352667,27.01,975663,１Ｋ,平成30年,ＳＲＣ,住宅,準工業地域,2024年第２四半期,未改装
中古マンション等,13105,東京都,文京区,小石川,22205839,28.32,784104,１Ｋ,平成23年,軽量鉄骨造,住宅,準工業地域,2025年第４四半期,改装済
中古マンション等,13115,東京都,杉並区,高円寺,17392556,21.64,803722,１Ｋ,平成22年,ＲＣ,住宅,商業地域,2025年第４四半期,未改装
中古マンション等,13106,東京都,台東区,上野,10560008,16.28,648649,１Ｋ,平成16年,軽量鉄骨造,住宅,準工業地域,2024年第２四半期,未改装
中古マンション等,13115,東京都,杉並区,荻窪,11608273,17.88,649232,１Ｒ,平成25年,ＳＲＣ,住宅,商業地域,2024年第４四半期,未改装
中古マンション等,13108,東京都,江東区,門前仲町,16060131,26.37,609030,１Ｒ,平成30年,ＳＲＣ,住宅,準工業地域,2024年第３四半期,改装済
中古マンション等,13111,東京都,大田区,蒲田,13284427,21.65,613599,１Ｋ,平成30年,ＲＣ,住宅,準工業地域,2024年第４四半期,改装済
中古マンション等,13104,東京都,新宿区,高田馬場,20118074,28.85,697333,１Ｋ,平成9年,軽量鉄骨造,住宅,準工業地域,2024年第２四半期,未改装
中古マンション等,13115,東京都,杉並区,荻窪,15374139,21.21,724853,１Ｋ,平成25年,鉄骨造,住宅,商業地域,2025年第１四半期,未改装
中古マンション等,13113,東京都,渋谷区,恵比寿,23780381,19.99,1189613,１Ｋ,平成21年,ＲＣ,住宅,準工業地域,2024年第４四半期,未改装
中古マンション等,13115,東京都,杉並区,高円寺,21520760,25.12,856718,１Ｒ,平成29年,ＳＲＣ,住宅,準工業地域,2024年第３四半期,未改装
中古マンション等,13103,東京都,港区,三田,27478756,27.21,1009877,１Ｋ,平成11年,鉄骨造,住宅,準工業地域,2025年第１四半期,未改装
中古マンション等,13107,東京都,墨田区,錦糸町,17215244,27.92,616591,１Ｒ,平成26年,軽量鉄骨造,住宅,準工業地域,2024年第１四半期,未改装
中古マンション等,13106,東京都,台東区,上野,16657193,23.86,698122,１Ｋ,平成15年,ＳＲＣ,住宅,準工業地域,2025年第２四半期,未改装
中古マンション等,13117,東京都,北区,赤羽,8418000,28.06,300000,１Ｒ,平成13年,ＲＣ,住宅,商業地域,2024年第４四半期,未改装
中古マンション等,13103,東京都,港区,三田,18520933,21.66,855075,１Ｒ,平成17年,ＳＲＣ,住宅,準工業地域,2025年第１四半期,改装済
中古マンション等,13108,東京都,江東区,門前仲町,6498000,21.66,300000,１Ｒ,昭和62年,鉄骨造,住宅,準工業地域,2024年第４四半期,未改装
中古マンション等,13109,東京都,品川区,大井,16425715,28.69,572524,１Ｋ,平成19年,ＲＣ,住宅,準工業地域,2024年第３四半期,改装済
中古マンション等,13109,東京都,品川区,大井,11423487,17.79,642129,１Ｒ,平成13年,鉄骨造,住宅,準工業地域,2024年第４四半期,未改装
中古マンション等,13119,東京都,板橋区,板橋,6567000,21.89,300000,１Ｋ,平成18年,鉄骨造,住宅,準工業地域,2024年第２四半期,未改装
中古マンション等,13102,東京都,中央区,日本橋小網町,15755669,24.12,653220,１Ｋ,平成1年,軽量鉄骨造,住宅,準工業地域,2025年第３四半期,改装済
中古マンション等,13116,東京都,豊島区,南池袋,9415589,17.92,525423,１Ｋ,平成9年,軽量鉄骨造,住宅,商業地域,2024年第３四半期,未改装
中古マンション等,13109,東京都,品川区,大井,12160192,20.66,588586,１Ｋ,平成8年,ＲＣ,住宅,準工業地域,2024年第３四半期,未改装
中古マンション等,13116,東京都,豊島区,大塚,10553608,22.85,461864,１Ｋ,平成2年,軽量鉄骨造,住宅,準工業地域,2025年第３四半期,未改装
中古マンション等,13109,東京都,品川区,大井,7173082,21.37,335661,１Ｒ,昭和62年,鉄骨造,住宅,準工業地域,2024年第４四半期,改装済
中古マンション等,13104,東京都,新宿区,西新宿,17732264,24.77,715876,１Ｋ,平成12年,鉄骨造,住宅,商業地域,2024年第２四半期,未改装
中古マンション等,13102,東京都,中央区,日本橋小網町,15332345,20.29,755660,１Ｋ,平成1年,鉄骨造,住宅,準工業地域,2024年第３四半期,未改装
中古マンション等,13109,東京都,品川区,大井,11329724,21.03,538741,１Ｋ,平成9年,軽量鉄骨造,住宅,商業地域,2024年第４四半期,未改装
中古マンション等,13116,東京都,豊島区,南池袋,6267490,18.96,330563,１Ｋ,昭和61年,ＳＲＣ,住宅,商業地域,2025年第１四半期,未改装
中古マンション等,13103,東京都,港区,三田,13735925,16.68,823496,１Ｒ,昭和63年,ＳＲＣ,住宅,商業地域,2024年第２四半期,未改装
中古マンション等,13107,東京都,墨田区,錦糸町,7182236,17.73,405089,１Ｒ,平成13年,ＳＲＣ,住宅,商業地域,2024年第２四半期,未改装
中古マンション等,13115,東京都,杉並区,高円寺,10017412,24.72,405235,１Ｋ,平成5年,ＳＲＣ,住宅,準工業地域,2024年第２四半期,改装済
中古マンション等,13113,東京都,渋谷区,渋谷,20603696,22.97,896982,１Ｒ,平成9年,鉄骨造,住宅,準工業地域,2025年第１四半期,改装済
中古マンション等,13105,東京都,文京区,小石川,11249673,22.95,490181,１Ｒ,平成10年,軽量鉄骨造,住宅,商業地域,2024年第１四半期,改装済
中古マンション等,13113,東京都,渋谷区,恵比寿,32078814,28.7,1117728,１Ｋ,平成28年,ＳＲＣ,住宅,準工業地域,2024年第４四半期,未改装
中古マンション等,13119,東京都,板橋区,板橋,5910000,19.7,300000,１Ｋ,昭和63年,ＲＣ,住宅,準工業地域,2025年第１四半期,未改装
中古マンション等,13117,東京都,北区,赤羽,9736325,21.96,443366,１Ｋ,平成4年,ＲＣ,住宅,準工業地域,2024年第３四半期,未改装
中古マンション等,13109,東京都,品川区,東五反田,22577051,29.37,768711,１Ｒ,平成14年,ＳＲＣ,住宅,商業地域,2025年第２四半期,改装済
中古マンション等,13107,東京都,墨田区,錦糸町,13057193,21.6,604499,１Ｒ,平成26年,軽量鉄骨造,住宅,準工業地域,2024年第３四半期,改装済
中古マンション等,13104,東京都,新宿区,高田馬場,23428996,29.74,787794,１Ｋ,平成7年,軽量鉄骨造,住宅,準工業地域,2025年第４四半期,改装済
中古マンション等,13107,東京都,墨田区,錦糸町,11189159,26.91,415799,１Ｒ,昭和61年,ＲＣ,住宅,準工業地域,2025年第４四半期,改装済
中古マンション等,13108,東京都,江東区,門前仲町,6651000,22.17,300000,１Ｋ,平成1年,鉄骨造,住宅,商業地域,2024年第４四半期,未改装
中古マンション等,13117,東京都,北区,赤羽,6981000,23.27,300000,１Ｋ,平成3年,軽量鉄骨造,住宅,商業地域,2024年第１四半期,改装済
中古マンション等,13116,東京都,豊島区,大塚,18370694,23.08,795957,１Ｒ,平成27年,ＲＣ,住宅,商業地域,2025年第４四半期,未改装
中古マンション等,13117,東京都,北区,赤羽,8874000,29.58,300000,１Ｋ,昭和63年,ＲＣ,住宅,商業地域,2025年第４四半期,未改装
中古マンション等,13109,東京都,品川区,東五反田,14412823,17.23,836495,１Ｋ,平成28年,ＳＲＣ,住宅,準工業地域,2024年第１四半期,改装済
中古マンション等,13108,東京都,江東区,門前仲町,12600334,16.5,763656,１Ｒ,令和2年,鉄骨造,住宅,準工業地域,2024年第４四半期,未改装
中古マンション等,13109,東京都,品川区,東五反田,21859164,29.3,746046,１Ｒ,平成20年,ＲＣ,住宅,準工業地域,2025年第２四半期,未改装
中古マンション等,13103,東京都,港区,三田,26487217,24.4,1085541,１Ｒ,平成20年,ＲＣ,住宅,商業地域,2025年第２四半期,未改装
中古マンション等,13119,東京都,板橋区,板橋,9418709,23.67,397917,１Ｒ,平成20年,ＳＲＣ,住宅,準工業地域,2025年第４四半期,改装済
中古マンション等,13108,東京都,江東区,門前仲町,9314328,17.5,532247,１Ｋ,平成9年,軽量鉄骨造,住宅,準工業地域,2024年第４四半期,未改装
中古マンション等,13113,東京都,渋谷区,渋谷,25461847,26.6,957212,１Ｒ,昭和62年,ＳＲＣ,住宅,準工業地域,2025年第４四半期,未改装
中古マンション等,13102,東京都,中央区,日本橋小網町,22779742,29.39,775084,１Ｒ,平成5年,軽量鉄骨造,住宅,準工業地域,2025年第４四半期,未改装
中古マンション等,13116,東京都,豊島区,大塚,12842445,25.69,499900,１Ｒ,平成8年,ＲＣ,住宅,商業地域,2025年第２四半期,未改装
中古マンション等,13107,東京都,墨田区,錦糸町,9005809,21.86,411976,１Ｒ,平成12年,軽量鉄骨造,住宅,準工業地域,2024年第３四半期,未改装
中古マンション等,13111,東京都,大田区,蒲田,17649160,20.18,874586,１Ｒ,令和2年,ＲＣ,住宅,商業地域,2025年第１四半期,未改装
中古マンション等,13116,東京都,豊島区,南池袋,10352067,29.74,348085,１Ｋ,平成8年,ＳＲＣ,住宅,準工業地域,2025年第４四半期,未改装
中古マンション等,13108,東京都,江東区,門前仲町,17915713,25.44,704234,１Ｋ,令和1年,軽量鉄骨造,住宅,準工業地域,2024年第２四半期,改装済
中古マンション等,13116,東京都,豊島区,南池袋,7659647,16.74,457565,１Ｋ,昭和63年,鉄骨造,住宅,準工業地域,2024年第３四半期,未改装
中古マンション等,13119,東京都,板橋区,板橋,13887975,18.86,736371,１Ｋ,令和1年,軽量鉄骨造,住宅,商業地域,2024年第４四半期,未改装
中古マンション等,13105,東京都,文京区,小石川,20203017,21.44,942304,１Ｋ,平成29年,ＳＲＣ,住宅,準工業地域,2025年第３四半期,未改装
中古マンション等,13117,東京都,北区,赤羽,8856000,29.52,300000,１Ｋ,昭和63年,鉄骨造,住宅,商業地域,2025年第４四半期,未改装
中古マンション等,13106,東京都,台東区,上野,20544036,26.57,773204,１Ｒ,令和1年,ＲＣ,住宅,商業地域,2024年第３四半期,未改装
中古マンション等,13113,東京都,渋谷区,恵比寿,14635913,18.62,786031,１Ｒ,平成8年,ＳＲＣ,住宅,商業地域,2025年第３四半期,改装済
中古マンション等,13115,東京都,杉並区,高円寺,10763264,17.82,603999,１Ｒ,平成13年,ＳＲＣ,住宅,商業地域,2025年第２四半期,未改装
中古マンション等,13103,東京都,港区,三田,29244883,27.8,1051974,１Ｋ,平成16年,鉄骨造,住宅,商業地域,2025年第２四半期,未改装
中古マンション等,13116,東京都,豊島区,大塚,19132301,23.29,821481,１Ｋ,平成29年,鉄骨造,住宅,商業地域,2024年第４四半期,未改装
中古マンション等,13117,東京都,北区,赤羽,10133674,21.05,481409,１Ｒ,平成10年,軽量鉄骨造,住宅,準工業地域,2024年第１四半期,改装済
中古マンション等,13106,東京都,台東区,上野,15489372,22.24,696464,１Ｋ,平成12年,ＳＲＣ,住宅,商業地域,2025年第１四半期,改装済
中古マンション等,13111,東京都,大田区,蒲田,12030403,27.51,437310,１Ｋ,平成20年,軽量鉄骨造,住宅,準工業地域,2025年第１四半期,未改装
中古マンション等,13114,東京都,中野区,中野,8957008,20.48,437353,１Ｒ,平成2年,ＳＲＣ,住宅,準工業地域,2024年第４四半期,未改装
中古マンション等,13114,東京都,中野区,中野,17558897,28.11,624649,１Ｒ,平成24年,ＲＣ,住宅,準工業地域,2025年第３四半期,未改装
中古マンション等,13113,東京都,渋谷区,恵比寿,26065618,26.46,985095,１Ｋ,平成6年,ＳＲＣ,住宅,商業地域,2025年第１四半期,未改装
中古マンション等,13102,東京都,中央区,日本橋小網町,24354582,27.5,885621,１Ｋ,平成13年,軽量鉄骨造,住宅,準工業地域,2025年第３四半期,未改装
中古マンション等,13107,東京都,墨田区,錦糸町,21297983,25.43,837514,１Ｋ,令和1年,ＳＲＣ,住宅,準工業地域,2024年第２四半期,未改装
中古マンション等,13111,東京都,大田区,蒲田,7589172,17.49,433914,１Ｒ,平成16年,鉄骨造,住宅,準工業地域,2025年第４四半期,未改装
中古マンション等,13104,東京都,新宿区,西新宿,22848126,22.64,1009192,１Ｒ,令和1年,鉄骨造,住宅,準工業地域,2024年第３四半期,改装済
中古マンション等,13106,東京都,台東区,上野,15663510,29.4,532772,１Ｋ,昭和60年,ＲＣ,住宅,商業地域,2024年第１四半期,未改装
中古マンション等,13107,東京都,墨田区,錦糸町,7056000,23.52,300000,１Ｒ,平成2年,鉄骨造,住宅,商業地域,2024年第３四半期,改装済
中古マンション等,13115,東京都,杉並区,荻窪,15976370,24.64,648391,１Ｋ,平成13年,ＲＣ,住宅,準工業地域,2024年第１四半期,未改装
中古マンション等,13105,東京都,文京区,小石川,24116736,22.46,1073763,１Ｋ,令和2年,ＲＣ,住宅,準工業地域,2025年第４四半期,未改装
中古マンション等,13106,東京都,台東区,上野,10968419,17.8,616203,１Ｋ,平成12年,ＳＲＣ,住宅,準工業地域,2025年第２四半期,未改装
中古マンション等,13117,東京都,北区,赤羽,10541582,24.63,427997,１Ｋ,平成16年,鉄骨造,住宅,準工業地域,2024年第３四半期,改装済
中古マンション等,13115,東京都,杉並区,荻窪,15392322,27.0,570086,１Ｋ,平成24年,鉄骨造,住宅,商業地域,2025年第２四半期,未改装
中古マンション等,13109,東京都,品川区,東五反田,14459468,22.24,650155,１Ｒ,平成16年,ＳＲＣ,住宅,準工業地域,2024年第３四半期,未改装
中古マンション等,13114,東京都,中野区,中野,7323210,19.69,371925,１Ｒ,平成1年,ＳＲＣ,住宅,準工業地域,2024年第１四半期,未改装
中古マンション等,13102,東京都,中央区,日本橋小網町,20181970,21.67,931332,１Ｋ,平成10年,軽量鉄骨造,住宅,準工業地域,2024年第３四半期,未改装
中古マンション等,13115,東京都,杉並区,荻窪,12692696,28.48,445670,１Ｋ,平成15年,ＳＲＣ,住宅,商業地域,2024年第１四半期,未改装
中古マンション等,13103,東京都,港区,三田,31755906,25.58,1241434,１Ｋ,平成29年,ＲＣ,住宅,準工業地域,2025年第４四半期,未改装
中古マンション等,13104,東京都,新宿区,高田馬場,18821107,19.06,987466,１Ｋ,平成28年,鉄骨造,住宅,商業地域,2024年第１四半期,未改装
中古マンション等,13111,東京都,大田区,蒲田,8768995,28.71,305433,１Ｒ,平成20年,ＳＲＣ,住宅,準工業地域,2025年第２四半期,改装済
中古マンション等,13111,東京都,大田区,蒲田,13643228,24.87,548581,１Ｒ,平成14年,鉄骨造,住宅,準工業地域,2024年第３四半期,未改装
中古マンション等,13107,東京都,墨田区,錦糸町,6333000,21.11,300000,１Ｒ,平成1年,軽量鉄骨造,住宅,商業地域,2025年第２四半期,未改装
中古マンション等,13109,東京都,品川区,大井,13068792,28.42,459844,１Ｋ,昭和60年,ＲＣ,住宅,準工業地域,2024年第４四半期,改装済
中古マンション等,13115,東京都,杉並区,高円寺,9605695,18.96,506629,１Ｒ,平成8年,ＲＣ,住宅,準工業地域,2025年第２四半期,未改装
中古マンション等,13109,東京都,品川区,大井,24009300,25.45,943390,１Ｋ,平成27年,ＲＣ,住宅,準工業地域,2025年第３四半期,改装済
中古マンション等,13104,東京都,新宿区,高田馬場,13688422,17.79,769444,１Ｒ,平成7年,ＲＣ,住宅,商業地域,2025年第１四半期,未改装
中古マンション等,13111,東京都,大田区,蒲田,8878898,29.42,301798,１Ｒ,昭和61年,鉄骨造,住宅,準工業地域,2024年第４四半期,未改装
中古マンション等,13109,東京都,品川区,大井,17156292,28.14,609676,１Ｋ,平成7年,ＲＣ,住宅,準工業地域,2025年第１四半期,改装済
中古マンション等,13117,東京都,北区,赤羽,10666431,28.91,368952,１Ｋ,平成1年,軽量鉄骨造,住宅,商業地域,2024年第１四半期,改装済
中古マンション等,13111,東京都,大田区,蒲田,7674000,25.58,300000,１Ｒ,平成6年,ＳＲＣ,住宅,準工業地域,2024年第２四半期,改装済
中古マンション等,13116,東京都,豊島区,南池袋,21172886,28.63,739534,１Ｒ,令和1年,軽量鉄骨造,住宅,準工業地域,2025年第２四半期,未改装
中古マンション等,13111,東京都,大田区,蒲田,12856090,22.01,584102,１Ｋ,平成27年,ＳＲＣ,住宅,準工業地域,2025年第１四半期,未改装
中古マンション等,13115,東京都,杉並区,荻窪,8622000,28.74,300000,１Ｋ,平成2年,軽量鉄骨造,住宅,商業地域,2024年第１四半期,未改装
中古マンション等,13104,東京都,新宿区,西新宿,13437102,24.09,557787,１Ｋ,平成4年,鉄骨造,住宅,準工業地域,2024年第２四半期,改装済
中古マンション等,13102,東京都,中央区,日本橋小網町,20840139,19.55,1065991,１Ｋ,令和1年,鉄骨造,住宅,準工業地域,2025年第３四半期,未改装
中古マンション等,13108,東京都,江東区,門前仲町,14817465,23.73,624419,１Ｋ,令和2年,鉄骨造,住宅,準工業地域,2025年第２四半期,未改装
中古マンション等,13107,東京都,墨田区,錦糸町,9588239,26.3,364571,１Ｒ,平成4年,軽量鉄骨造,住宅,準工業地域,2024年第３四半期,改装済
中古マンション等,13111,東京都,大田区,蒲田,10704358,21.61,495342,１Ｒ,平成18年,ＳＲＣ,住宅,商業地域,2024年第１四半期,未改装
中古マンション等,13116,東京都,豊島区,南池袋,12723793,22.6,562999,１Ｋ,平成24年,鉄骨造,住宅,商業地域,2024年第２四半期,未改装
中古マンション等,13107,東京都,墨田区,錦糸町,13889936,29.03,478468,１Ｒ,平成22年,ＳＲＣ,住宅,準工業地域,2024年第３四半期,未改装
中古マンション等,13109,東京都,品川区,東五反田,12699637,16.15,786355,１Ｋ,平成30年,ＳＲＣ,住宅,準工業地域,2024年第４四半期,未改装
中古マンション等,13104,東京都,新宿区,高田馬場,12879163,21.04,612127,１Ｋ,昭和60年,軽量鉄骨造,住宅,商業地域,2025年第３四半期,未改装
中古マンション等,13114,東京都,中野区,中野,8404939,23.25,361502,１Ｒ,平成1年,鉄骨造,住宅,準工業地域,2025年第２四半期,未改装
中古マンション等,13115,東京都,杉並区,高円寺,6639590,19.17,346353,１Ｋ,平成9年,ＲＣ,住宅,準工業地域,2024年第２四半期,未改装
中古マンション等,13111,東京都,大田区,蒲田,6288092,20.12,312529,１Ｒ,平成4年,鉄骨造,住宅,準工業地域,2025年第１四半期,未改装
中古マンション等,13107,東京都,墨田区,錦糸町,11031788,23.88,461967,１Ｋ,平成12年,軽量鉄骨造,住宅,準工業地域,2024年第１四半期,未改装
中古マンション等,13115,東京都,杉並区,高円寺,5085000,16.95,300000,１Ｒ,平成11年,ＲＣ,住宅,準工業地域,2025年第３四半期,未改装
中古マンション等,13111,東京都,大田区,蒲田,9223367,23.5,392483,１Ｒ,平成13年,鉄骨造,住宅,商業地域,2024年第３四半期,未改装
中古マンション等,13106,東京都,台東区,上野,11782588,19.06,618184,１Ｋ,平成14年,ＲＣ,住宅,準工業地域,2024年第４四半期,改装済
中古マンション等,13115,東京都,杉並区,荻窪,13566122,28.22,480727,１Ｒ,平成10年,鉄骨造,住宅,商業地域,2024年第２四半期,改装済
中古マンション等,13113,東京都,渋谷区,恵比寿,32593777,25.46,1280195,１Ｒ,平成28年,ＳＲＣ,住宅,準工業地域,2025年第２四半期,未改装
中古マンション等,13109,東京都,品川区,大井,11028938,28.57,386032,１Ｒ,平成14年,鉄骨造,住宅,商業地域,2024年第３四半期,改装済
中古マンション等,13108,東京都,江東区,門前仲町,16449666,22.7,724654,１Ｋ,令和1年,鉄骨造,住宅,商業地域,2024年第３四半期,未改装
中古マンション等,13113,東京都,渋谷区,渋谷,27398648,25.78,1062786,１Ｒ,平成26年,軽量鉄骨造,住宅,準工業地域,2025年第２四半期,未改装
中古マンション等,13115,東京都,杉並区,高円寺,9382852,18.62,503912,１Ｋ,平成13年,軽量鉄骨造,住宅,準工業地域,2025年第２四半期,未改装
中古マンション等,13109,東京都,品川区,大井,16511782,21.94,752588,１Ｒ,平成23年,鉄骨造,住宅,準工業地域,2024年第３四半期,未改装
中古マンション等,13115,東京都,杉並区,荻窪,11291019,27.4,412080,１Ｒ,平成14年,軽量鉄骨造,住宅,準工業地域,2024年第４四半期,改装済
中古マンション等,13116,東京都,豊島区,南池袋,9553800,22.62,422360,１Ｒ,昭和60年,鉄骨造,住宅,準工業地域,2025年第１四半期,改装済
中古マンション等,13102,東京都,中央区,日本橋小網町,14125846,16.67,847381,１Ｒ,平成3年,ＳＲＣ,住宅,商業地域,2025年第１四半期,未改装
中古マンション等,13113,東京都,渋谷区,渋谷,21546292,22.3,966201,１Ｋ,平成18年,鉄骨造,住宅,商業地域,2025年第３四半期,改装済
中古マンション等,13103,東京都,港区,三田,24846934,18.79,1322348,１Ｋ,令和1年,鉄骨造,住宅,商業地域,2025年第４四半期,未改装
中古マンション等,13109,東京都,品川区,東五反田,19165108,28.45,673641,１Ｒ,平成21年,ＲＣ,住宅,準工業地域,2025年第２四半期,未改装
中古マンション等,13103,東京都,港区,三田,19077065,24.0,794877,１Ｋ,平成1年,鉄骨造,住宅,商業地域,2025年第２四半期,未改装
中古マンション等,13115,東京都,杉並区,高円寺,14334453,24.48,585557,１Ｒ,平成22年,鉄骨造,住宅,準工業地域,2025年第４四半期,未改装
中古マンション等,13116,東京都,豊島区,大塚,16036003,27.96,573533,１Ｒ,平成5年,鉄骨造,住宅,準工業地域,2024年第２四半期,改装済
中古マンション等,13107,東京都,墨田区,錦糸町,7366756,17.44,422405,１Ｋ,平成1年,軽量鉄骨造,住宅,準工業地域,2024年第２四半期,改装済
中古マンション等,13103,東京都,港区,三田,19336692,18.17,1064209,１Ｋ,平成21年,ＲＣ,住宅,準工業地域,2025年第４四半期,未改装
中古マンション等,13116,東京都,豊島区,南池袋,14845302,23.37,635229,１Ｒ,平成7年,鉄骨造,住宅,準工業地域,2025年第４四半期,未改装
中古マンション等,13105,東京都,文京区,小石川,28111268,29.09,966355,１Ｋ,令和2年,ＲＣ,住宅,準工業地域,2025年第４四半期,未改装
中古マンション等,13102,東京都,中央区,日本橋小網町,23066070,22.09,1044186,１Ｋ,令和1年,ＳＲＣ,住宅,準工業地域,2025年第２四半期,未改装
中古マンション等,13116,東京都,豊島区,南池袋,9232744,20.25,455937,１Ｋ,昭和60年,ＲＣ,住宅,商業地域,2025年第４四半期,未改装
